Primary_applicant_age_in_years,Gender,Number_of_dependents,Years_at_current_residence,Has_been_employed_for_at_least,Has_been_employed_for_at_most,Foreign_worker,Savings_account_balance,Balance_in_existing_bank_account_(lower_limit_of_bucket),Balance_in_existing_bank_account_(upper_limit_of_bucket),Months_loan_taken_for,Principal_loan_amount,EMI_rate_in_percentage_of_disposable_income,Has_coapplicant,Has_guarantor,Number_of_existing_loans_at_this_bank,high_risk_applicant,H_for free,H_own,H_rent,P_FF&E,P_business,P_career development,P_domestic appliances,P_education,P_electronic equipment,P_new vehicle,P_repair costs,P_used vehicle,OTHR_EMI_PLANS_bank,OTHR_EMI_PLANS_none,OTHR_EMI_PLANS_stores,EMP_STATUS_management / self-employed / highly qualified employee / officer,EMP_STATUS_skilled employee / official,EMP_STATUS_unemployed / unskilled - non-resident,EMP_STATUS_unskilled - resident,P_building society savings agreement/life insurance,P_car or other,P_none,P_real estate,LOAN_HIST_all loans at this bank paid back duly,LOAN_HIST_critical/pending loans at other banks,LOAN_HIST_delay in paying off loans in the past,LOAN_HIST_existing loans paid back duly till now,LOAN_HIST_no loans taken/all loans paid back duly
67,1,1,4,4,0,1,0,0,1,6,1169000,4,0,0,2,0,0,1,0,0,0,0,0,0,1,0,0,0,0,1,0,0,1,0,0,0,0,0,1,0,1,0,0,0
22,0,1,2,2,3,1,1,1,2,48,5951000,2,0,0,1,1,0,1,0,0,0,0,0,0,1,0,0,0,0,1,0,0,1,0,0,0,0,0,1,0,0,0,1,0
49,1,2,3,3,4,1,1,0,0,12,2096000,2,0,0,1,0,0,1,0,0,0,0,0,1,0,0,0,0,0,1,0,0,0,0,1,0,0,0,1,0,1,0,0,0
45,1,2,4,3,4,1,1,0,1,42,7882000,2,0,1,1,0,1,0,0,1,0,0,0,0,0,0,0,0,0,1,0,0,1,0,0,1,0,0,0,0,0,0,1,0
53,1,2,4,2,3,1,1,0,1,24,4870000,3,0,0,2,1,1,0,0,0,0,0,0,0,0,1,0,0,0,1,0,0,1,0,0,0,0,1,0,0,0,1,0,0
35,1,2,4,2,3,1,0,0,0,36,9055000,2,0,0,1,0,1,0,0,0,0,0,0,1,0,0,0,0,0,1,0,0,0,0,1,0,0,1,0,0,0,0,1,0
53,1,1,4,4,0,1,3,0,0,24,2835000,3,0,0,1,0,0,1,0,1,0,0,0,0,0,0,0,0,0,1,0,0,1,0,0,1,0,0,0,0,0,0,1,0
35,1,1,2,2,3,1,1,1,2,36,6948000,2,0,0,1,0,0,0,1,0,0,0,0,0,0,0,0,1,0,1,0,1,0,0,0,0,1,0,0,0,0,0,1,0
61,1,1,4,3,4,1,4,0,0,12,3059000,2,0,0,1,0,0,1,0,0,0,0,0,0,1,0,0,0,0,1,0,0,0,0,1,0,0,0,1,0,0,0,1,0
28,1,1,2,0,1,1,1,1,2,30,5234000,4,0,0,2,1,0,1,0,0,0,0,0,0,0,1,0,0,0,1,0,1,0,0,0,0,1,0,0,0,1,0,0,0
25,0,1,1,1,2,1,1,1,2,12,1295000,3,0,0,1,1,0,0,1,0,0,0,0,0,0,1,0,0,0,1,0,0,1,0,0,0,1,0,0,0,0,0,1,0
24,0,1,4,1,2,1,1,0,1,48,4308000,3,0,0,1,1,0,0,1,0,1,0,0,0,0,0,0,0,0,1,0,0,1,0,0,1,0,0,0,0,0,0,1,0
22,0,1,1,2,3,1,1,1,2,12,1567000,1,0,0,1,0,0,1,0,0,0,0,0,0,1,0,0,0,0,1,0,0,1,0,0,0,1,0,0,0,0,0,1,0
60,1,1,4,4,0,1,1,0,1,24,1199000,4,0,0,2,1,0,1,0,0,0,0,0,0,0,1,0,0,0,1,0,0,0,0,1,0,1,0,0,0,1,0,0,0
28,0,1,4,2,3,1,1,0,1,15,1403000,2,0,0,1,0,0,0,1,0,0,0,0,0,0,1,0,0,0,1,0,0,1,0,0,0,1,0,0,0,0,0,1,0
32,0,1,2,2,3,1,2,0,1,24,1282000,4,0,0,1,1,0,1,0,0,0,0,0,0,1,0,0,0,0,1,0,0,0,0,1,0,1,0,0,0,0,0,1,0
53,1,1,4,4,0,1,0,0,0,24,2424000,4,0,0,2,0,0,1,0,0,0,0,0,0,1,0,0,0,0,1,0,0,1,0,0,1,0,0,0,0,1,0,0,0
25,1,1,3,1,2,1,0,0,1,30,8072000,2,0,0,3,0,0,1,0,0,1,0,0,0,0,0,0,0,1,0,0,0,1,0,0,0,1,0,0,0,0,0,0,1
44,0,1,2,4,0,1,1,1,2,24,12579000,4,0,0,1,1,1,0,0,0,0,0,0,0,0,0,0,1,0,1,0,1,0,0,0,0,0,1,0,0,0,0,1,0
31,1,2,2,4,0,1,3,0,0,24,3430000,3,0,0,1,0,0,1,0,0,0,0,0,0,1,0,0,0,0,1,0,0,1,0,0,0,1,0,0,0,0,0,1,0
48,1,1,4,2,3,1,1,0,0,9,2134000,4,0,0,3,0,0,1,0,0,0,0,0,0,0,1,0,0,0,1,0,0,1,0,0,0,1,0,0,0,1,0,0,0
44,1,2,3,2,3,1,3,0,1,6,2647000,2,0,0,1,0,0,0,1,0,0,0,0,0,1,0,0,0,0,1,0,0,1,0,0,0,0,0,1,0,0,0,1,0
48,1,2,3,1,2,0,1,0,1,10,2241000,1,0,0,2,0,0,0,1,0,0,0,0,0,0,1,0,0,0,1,0,0,0,0,1,0,0,0,1,0,1,0,0,0
44,1,1,4,1,2,1,2,1,2,12,1804000,3,0,0,1,0,0,1,0,0,0,0,0,0,0,0,0,1,0,1,0,0,1,0,0,1,0,0,0,0,1,0,0,0
26,1,1,1,2,3,0,0,0,0,10,2069000,2,0,0,2,0,0,1,0,1,0,0,0,0,0,0,0,0,0,1,0,0,1,0,0,0,1,0,0,0,1,0,0,0
36,1,1,2,2,3,1,1,0,1,6,1374000,1,0,0,1,0,0,1,0,1,0,0,0,0,0,0,0,0,1,0,0,0,0,0,1,0,0,0,1,0,0,0,1,0
39,1,1,4,4,0,1,1,0,0,6,426000,4,0,0,1,0,0,1,0,0,0,0,0,0,1,0,0,0,0,1,0,0,0,0,1,0,1,0,0,0,0,0,0,1
42,0,1,3,2,3,1,4,2,0,12,409000,3,0,0,2,0,0,0,1,0,0,0,0,0,1,0,0,0,0,1,0,0,1,0,0,0,0,0,1,1,0,0,0,0
34,1,1,2,2,3,1,1,1,2,7,2415000,3,0,1,1,0,0,1,0,0,0,0,0,0,1,0,0,0,0,1,0,0,1,0,0,0,0,0,1,0,0,0,1,0
63,1,1,4,4,0,1,1,0,1,60,6836000,3,0,0,2,1,0,1,0,0,1,0,0,0,0,0,0,0,0,1,0,0,1,0,0,0,0,1,0,0,0,1,0,0
36,1,1,3,1,2,1,4,1,2,18,1913000,3,0,0,1,0,0,1,0,0,1,0,0,0,0,0,0,0,1,0,0,0,1,0,0,0,0,0,1,0,0,0,1,0
27,1,1,2,2,3,1,1,0,1,24,4020000,2,0,0,1,0,0,1,0,1,0,0,0,0,0,0,0,0,0,0,1,0,1,0,0,0,1,0,0,0,0,0,1,0
30,1,1,2,2,3,1,2,1,2,18,5866000,2,0,0,2,0,0,1,0,0,0,0,0,0,0,1,0,0,0,1,0,0,1,0,0,0,1,0,0,0,0,0,1,0
57,1,1,4,4,0,1,0,0,0,12,1264000,4,0,0,1,0,0,0,1,0,1,0,0,0,0,0,0,0,0,1,0,0,0,0,1,0,0,1,0,0,1,0,0,0
33,0,1,1,1,2,1,1,2,0,12,1474000,4,0,0,1,0,0,1,0,1,0,0,0,0,0,0,0,0,1,0,0,1,0,0,0,1,0,0,0,0,0,0,1,0
25,1,1,2,1,2,1,1,1,2,45,4746000,4,0,0,2,1,0,1,0,0,0,0,0,0,1,0,0,0,0,1,0,0,0,0,1,1,0,0,0,0,1,0,0,0
31,1,1,3,2,3,1,1,0,0,48,6110000,1,0,0,1,0,1,0,0,0,0,0,0,1,0,0,0,0,1,0,0,0,1,0,0,0,0,1,0,0,1,0,0,0
37,1,1,2,2,3,1,1,2,0,18,2100000,4,1,0,1,1,0,1,0,0,0,0,0,0,1,0,0,0,0,0,1,0,1,0,0,0,0,0,1,0,0,0,1,0
37,1,1,2,2,3,1,1,2,0,10,1225000,2,0,0,1,0,0,1,0,0,0,0,1,0,0,0,0,0,0,1,0,0,1,0,0,0,1,0,0,0,0,0,1,0
24,1,1,3,2,3,1,1,1,2,9,458000,4,0,0,1,0,0,1,0,0,0,0,0,0,1,0,0,0,0,1,0,0,1,0,0,0,0,0,1,0,0,0,1,0
30,1,1,2,4,0,1,3,0,0,30,2333000,4,0,0,1,0,0,1,0,0,0,0,0,0,1,0,0,0,1,0,0,1,0,0,0,0,1,0,0,0,0,0,1,0
26,1,1,1,2,3,1,3,1,2,12,1158000,3,0,0,1,0,0,1,0,0,0,0,0,0,1,0,0,0,0,1,0,0,1,0,0,0,1,0,0,0,0,0,1,0
44,1,2,4,2,3,1,1,1,2,18,6204000,2,0,0,1,0,0,1,0,0,0,0,0,0,0,0,1,0,0,1,0,0,0,0,1,0,0,0,1,0,0,1,0,0
24,1,1,4,3,4,1,2,0,1,30,6187000,1,0,0,2,0,0,0,1,0,0,0,0,0,0,0,0,1,0,1,0,0,1,0,0,0,1,0,0,0,1,0,0,0
58,0,1,4,4,0,1,1,0,1,48,6143000,4,0,0,2,1,1,0,0,0,0,0,0,0,0,0,0,1,0,0,1,0,0,0,1,0,0,1,0,0,1,0,0,0
35,0,1,4,1,2,1,1,0,0,11,1393000,4,0,0,2,0,0,1,0,0,0,0,0,0,0,1,0,0,0,1,0,1,0,0,0,0,1,0,0,0,1,0,0,0
39,1,1,4,4,0,1,3,0,0,36,2299000,4,0,0,1,0,0,1,0,0,0,0,0,0,1,0,0,0,0,1,0,0,1,0,0,0,1,0,0,0,0,0,1,0
23,0,1,2,0,1,1,3,0,1,6,1352000,1,0,0,1,0,0,0,1,0,0,0,0,0,0,0,0,1,0,1,0,0,0,1,0,1,0,0,0,0,0,0,1,0
39,1,1,4,2,3,1,1,0,0,11,7228000,1,0,0,2,0,0,1,0,0,0,0,0,0,0,1,0,0,0,1,0,0,0,0,1,1,0,0,0,0,1,0,0,0
28,0,1,2,2,3,1,2,0,0,12,2073000,4,1,0,1,0,0,1,0,0,0,0,0,0,1,0,0,0,0,1,0,0,1,0,0,0,0,0,1,0,0,0,1,0
29,1,1,2,1,2,1,0,1,2,24,2333000,4,0,0,1,0,0,1,0,1,0,0,0,0,0,0,0,0,1,0,0,0,0,0,1,1,0,0,0,0,0,1,0,0
30,1,1,2,4,0,1,1,1,2,27,5965000,1,0,0,2,0,0,1,0,0,0,0,0,0,0,0,0,1,0,1,0,1,0,0,0,0,1,0,0,0,0,1,0,0
25,1,1,2,2,3,1,1,0,0,12,1262000,3,0,0,1,0,0,1,0,0,0,0,0,0,1,0,0,0,0,1,0,0,1,0,0,0,1,0,0,0,0,0,1,0
31,1,1,1,2,3,1,0,0,0,18,3378000,2,0,0,1,0,0,1,0,0,0,0,0,0,0,0,0,1,0,1,0,0,1,0,0,1,0,0,0,0,0,0,1,0
57,1,1,4,4,0,1,1,1,2,36,2225000,4,0,0,2,1,1,0,0,0,0,0,0,0,0,1,0,0,1,0,0,0,1,0,0,0,0,1,0,0,0,1,0,0
26,1,2,2,2,3,1,0,0,0,6,783000,1,0,1,1,0,0,1,0,0,0,0,0,0,0,1,0,0,0,0,1,0,0,0,1,0,0,0,1,1,0,0,0,0
52,1,1,1,0,1,1,0,1,2,12,6468000,2,0,0,1,1,0,1,0,0,0,0,0,0,1,0,0,0,0,1,0,1,0,0,0,0,0,1,0,0,0,0,1,0
31,0,1,2,2,3,1,1,0,0,36,9566000,2,0,0,2,0,0,1,0,0,0,0,0,0,1,0,0,0,0,0,1,0,1,0,0,0,1,0,0,0,1,0,0,0
23,0,1,2,4,0,1,1,2,0,18,1961000,3,0,0,1,0,0,1,0,0,0,0,0,0,0,1,0,0,0,1,0,1,0,0,0,0,1,0,0,0,0,0,1,0
23,0,1,4,1,2,1,1,0,1,36,6229000,4,1,0,2,1,0,0,1,1,0,0,0,0,0,0,0,0,0,1,0,0,0,0,1,0,0,1,0,0,1,0,0,0
27,1,1,1,2,3,1,1,1,2,9,1391000,2,0,0,1,0,0,1,0,0,1,0,0,0,0,0,0,0,1,0,0,0,1,0,0,0,0,0,1,0,0,0,1,0
50,1,1,4,4,0,1,0,1,2,15,1537000,4,0,1,2,0,0,1,0,0,0,0,0,0,1,0,0,0,0,1,0,0,1,0,0,0,0,0,1,0,1,0,0,0
61,1,1,4,4,0,1,1,1,2,36,1953000,4,0,0,1,1,1,0,0,0,1,0,0,0,0,0,0,0,0,1,0,1,0,0,0,0,0,1,0,0,0,0,0,1
25,1,1,2,2,3,1,1,1,2,48,14421000,2,0,0,1,1,0,1,0,0,1,0,0,0,0,0,0,0,0,1,0,0,1,0,0,0,1,0,0,0,0,0,0,1
26,0,1,4,1,2,1,1,0,0,24,3181000,4,0,0,1,0,0,1,0,0,0,0,0,0,1,0,0,0,0,1,0,0,1,0,0,1,0,0,0,0,0,0,1,0
48,1,2,4,4,0,1,0,0,0,27,5190000,4,0,0,4,0,0,1,0,0,0,0,0,0,0,0,1,0,0,1,0,0,1,0,0,1,0,0,0,0,0,0,1,0
29,0,1,2,1,2,1,1,0,0,12,2171000,2,0,0,1,0,0,1,0,0,0,0,0,0,1,0,0,0,1,0,0,0,1,0,0,0,1,0,0,0,0,0,1,0
22,1,1,1,2,3,1,4,1,2,12,1007000,4,0,0,1,0,0,1,0,0,0,0,0,0,0,1,0,0,0,1,0,0,1,0,0,0,0,0,1,0,0,0,1,0
37,1,1,4,2,3,1,1,0,0,36,1819000,4,0,0,1,1,1,0,0,0,0,0,0,1,0,0,0,0,0,0,1,0,1,0,0,0,0,1,0,0,0,0,1,0
25,0,1,4,2,3,1,0,0,0,36,2394000,4,0,0,1,0,0,1,0,0,0,0,0,0,1,0,0,0,0,1,0,0,1,0,0,0,1,0,0,0,0,0,1,0
30,0,1,2,2,3,1,1,0,0,36,8133000,1,0,0,1,0,0,1,0,0,0,0,0,0,0,0,0,1,1,0,0,0,1,0,0,1,0,0,0,0,0,0,1,0
46,1,1,2,4,0,1,0,0,0,7,730000,4,0,0,2,0,0,0,1,0,0,0,0,0,1,0,0,0,0,1,0,0,0,0,1,1,0,0,0,0,1,0,0,0
51,1,2,4,4,0,1,1,0,1,8,1164000,3,0,0,2,0,1,0,0,0,0,0,0,0,0,0,0,0,1,0,0,1,0,0,0,0,0,1,0,0,1,0,0,0
41,0,1,1,3,4,1,1,1,2,42,5954000,2,0,0,2,0,0,1,0,0,1,0,0,0,0,0,0,0,1,0,0,0,0,0,1,0,0,0,1,0,1,0,0,0
40,1,1,4,4,0,1,0,0,1,36,1977000,4,0,0,1,1,0,1,0,0,0,0,0,1,0,0,0,0,0,1,0,1,0,0,0,0,0,1,0,0,0,0,1,0
66,1,1,4,4,0,1,1,0,1,12,1526000,4,0,0,2,0,1,0,0,0,0,0,0,0,0,0,0,1,0,1,0,1,0,0,0,0,0,1,0,0,1,0,0,0
34,1,1,3,1,2,1,1,0,1,42,3965000,4,0,0,1,1,0,1,0,0,0,0,0,0,1,0,0,0,0,1,0,0,1,0,0,0,1,0,0,0,0,0,1,0
51,1,1,4,3,4,1,1,1,2,11,4771000,2,0,0,1,0,0,1,0,0,0,0,0,0,1,0,0,0,0,1,0,0,1,0,0,1,0,0,0,0,0,1,0,0
39,1,2,2,2,3,1,0,0,0,54,9436000,2,0,0,1,0,0,1,0,0,0,0,0,0,0,0,0,1,0,1,0,0,0,0,1,1,0,0,0,0,0,0,0,1
22,1,1,1,1,2,1,1,1,2,30,3832000,2,0,0,1,0,0,1,0,1,0,0,0,0,0,0,0,0,0,1,0,0,1,0,0,1,0,0,0,0,0,0,1,0
44,0,1,1,1,2,1,0,0,0,24,5943000,1,0,0,2,1,0,1,0,0,0,0,0,0,1,0,0,0,0,1,0,0,1,0,0,0,1,0,0,0,0,0,1,0
47,1,1,3,4,0,1,3,0,0,15,1213000,4,0,0,1,0,0,1,0,0,0,0,0,0,1,0,0,0,0,0,1,0,1,0,0,1,0,0,0,0,0,0,1,0
24,0,1,4,2,3,1,2,0,0,18,1568000,3,0,0,1,0,0,0,1,0,1,0,0,0,0,0,0,0,0,1,0,0,0,0,1,1,0,0,0,0,0,0,1,0
58,0,1,4,4,0,1,1,0,1,24,1755000,4,0,1,1,0,0,1,0,0,0,0,0,0,0,0,0,0,0,1,0,0,0,0,1,0,0,0,1,0,0,0,1,0
52,1,1,4,4,0,1,1,0,1,10,2315000,3,0,0,1,0,0,1,0,0,0,0,0,0,1,0,0,0,0,1,0,0,0,0,1,0,0,0,1,0,0,0,1,0
29,0,1,2,2,3,1,1,0,0,12,1412000,4,0,1,2,0,0,1,0,0,1,0,0,0,0,0,0,0,0,1,0,1,0,0,0,0,0,0,1,0,1,0,0,0
27,0,1,1,1,2,1,1,1,2,18,1295000,4,0,0,2,0,0,1,0,1,0,0,0,0,0,0,0,0,0,1,0,0,1,0,0,1,0,0,0,0,1,0,0,0
47,1,2,4,2,3,1,2,1,2,36,12612000,1,0,0,1,1,1,0,0,0,0,0,0,1,0,0,0,0,0,1,0,0,1,0,0,0,0,1,0,0,0,0,1,0
30,1,2,3,3,4,1,2,0,1,18,2249000,4,0,0,1,0,0,1,0,0,0,0,0,0,0,1,0,0,0,1,0,1,0,0,0,0,1,0,0,0,0,0,1,0
28,1,1,3,3,4,1,1,0,1,12,1108000,4,0,0,2,1,0,1,0,0,0,0,0,0,0,0,1,0,0,1,0,0,1,0,0,0,0,0,1,0,0,0,0,1
56,1,1,4,4,0,1,1,0,0,12,618000,4,0,0,1,0,0,1,0,0,0,0,0,0,1,0,0,0,0,1,0,0,1,0,0,0,0,0,1,0,1,0,0,0
54,1,1,3,4,0,1,1,0,1,12,1409000,4,0,0,1,0,0,1,0,0,0,0,0,0,0,0,0,1,0,1,0,0,1,0,0,0,0,0,1,0,1,0,0,0
33,0,2,3,4,0,1,0,0,0,12,797000,4,0,0,1,1,0,1,0,0,0,0,0,0,1,0,0,0,1,0,0,0,0,0,1,1,0,0,0,0,1,0,0,0
20,1,1,4,4,0,1,0,2,0,24,3617000,4,1,0,2,0,0,0,1,1,0,0,0,0,0,0,0,0,0,1,0,0,1,0,0,0,0,1,0,0,1,0,0,0
54,1,1,4,4,0,1,4,1,2,12,1318000,4,0,0,1,0,0,1,0,0,0,0,0,0,0,1,0,0,0,1,0,0,1,0,0,0,0,0,1,0,0,0,1,0
58,1,1,4,1,2,1,1,1,2,54,15945000,3,0,0,1,1,0,0,1,0,1,0,0,0,0,0,0,0,0,1,0,0,1,0,0,0,0,1,0,0,0,0,0,1
61,0,1,2,3,4,1,0,0,0,12,2012000,4,0,0,1,0,0,1,0,0,0,0,0,1,0,0,0,0,0,1,0,0,1,0,0,0,1,0,0,0,1,0,0,0
34,1,1,4,2,3,1,2,1,2,18,2622000,4,0,0,1,0,0,1,0,0,1,0,0,0,0,0,0,0,0,1,0,0,1,0,0,0,1,0,0,0,0,0,1,0
36,1,1,4,4,0,1,1,1,2,36,2337000,4,0,0,1,0,0,1,0,0,0,0,0,0,1,0,0,0,0,1,0,0,1,0,0,0,0,0,1,0,1,0,0,0
36,1,2,4,3,4,1,0,1,2,20,7057000,3,0,0,2,0,0,0,1,0,0,0,0,0,0,0,0,1,1,0,0,1,0,0,0,1,0,0,0,0,0,1,0,0
41,1,1,4,4,0,1,2,0,0,24,1469000,4,0,0,1,0,0,0,1,0,0,0,0,0,0,1,0,0,0,1,0,0,0,0,1,0,0,0,1,0,0,0,1,0
24,1,1,4,3,4,1,1,1,2,36,2323000,4,0,0,1,0,0,0,1,0,0,0,0,0,1,0,0,0,0,1,0,0,1,0,0,0,1,0,0,0,0,0,1,0
24,0,1,2,2,3,1,1,0,0,6,932000,3,0,0,1,0,0,1,0,0,0,0,0,0,1,0,0,0,0,1,0,0,1,0,0,0,0,0,1,0,0,1,0,0
35,1,1,3,3,4,1,1,1,2,9,1919000,4,0,0,1,0,0,0,1,1,0,0,0,0,0,0,0,0,0,1,0,0,1,0,0,0,1,0,0,0,1,0,0,0
26,1,1,4,1,2,1,0,0,0,12,2445000,2,0,0,1,0,0,0,1,0,0,0,0,0,0,0,0,1,0,1,0,0,1,0,0,0,1,0,0,0,0,0,1,0
39,1,2,3,2,3,1,1,1,2,24,11938000,2,1,0,2,1,0,1,0,0,0,0,0,0,0,0,0,0,0,1,0,1,0,0,0,0,1,0,0,0,1,0,0,0
39,1,2,4,4,0,1,1,0,0,18,6458000,2,0,0,2,1,0,1,0,0,0,0,0,0,0,1,0,0,1,0,0,1,0,0,0,0,0,1,0,1,0,0,0,0
32,1,1,2,3,4,1,1,1,2,12,6078000,2,0,0,1,0,0,1,0,0,0,0,0,0,0,1,0,0,0,1,0,0,1,0,0,0,1,0,0,0,0,0,1,0
30,0,1,2,1,2,0,0,0,1,24,7721000,1,0,0,1,0,0,1,0,1,0,0,0,0,0,0,0,0,0,1,0,0,1,0,0,1,0,0,0,0,0,0,1,0
35,1,1,2,4,0,1,3,1,2,14,1410000,1,0,0,1,0,0,1,0,0,1,0,0,0,0,0,0,0,0,1,0,0,1,0,0,0,0,0,1,0,0,0,1,0
31,1,2,2,4,0,1,2,1,2,6,1449000,1,0,0,2,0,0,1,0,0,1,0,0,0,0,0,0,0,1,0,0,0,1,0,0,0,1,0,0,0,0,1,0,0
23,0,1,4,1,2,1,1,2,0,15,392000,4,0,0,1,0,0,0,1,0,0,0,0,1,0,0,0,0,0,1,0,0,1,0,0,1,0,0,0,0,0,0,1,0
28,1,1,3,3,4,1,1,1,2,18,6260000,3,0,0,1,0,0,0,1,0,0,0,0,0,0,1,0,0,0,1,0,0,0,0,1,0,0,0,1,0,0,0,1,0
25,0,1,2,2,3,1,1,0,0,36,7855000,4,0,0,2,1,0,1,0,0,0,0,0,0,0,1,0,0,0,0,1,0,1,0,0,0,0,0,1,0,1,0,0,0
35,1,1,1,4,0,1,3,0,1,12,1680000,3,0,0,1,0,0,1,0,0,0,0,0,0,1,0,0,0,0,1,0,0,1,0,0,0,0,0,1,0,0,0,1,0
47,1,1,1,4,0,1,0,0,0,48,3578000,4,0,0,1,0,0,1,0,0,0,0,0,0,1,0,0,0,0,1,0,0,1,0,0,0,0,0,1,0,1,0,0,0
30,0,1,3,3,4,1,0,0,1,42,7174000,4,0,0,1,1,0,1,0,0,0,0,0,0,1,0,0,0,0,1,0,1,0,0,0,0,1,0,0,0,0,0,1,0
27,0,1,3,1,2,0,0,0,1,10,2132000,2,1,0,2,0,0,0,1,1,0,0,0,0,0,0,0,0,0,1,0,0,1,0,0,0,0,0,1,0,1,0,0,0
23,0,1,4,2,3,1,3,0,1,33,4281000,1,0,0,2,1,0,1,0,1,0,0,0,0,0,0,0,0,0,1,0,0,1,0,0,0,1,0,0,0,1,0,0,0
36,1,1,3,3,4,1,3,1,2,12,2366000,3,0,0,1,0,0,1,0,0,0,0,0,0,0,1,0,0,0,1,0,1,0,0,0,0,1,0,0,0,1,0,0,0
25,0,1,2,2,3,1,1,0,1,21,1835000,3,0,0,2,1,0,1,0,0,0,0,0,0,1,0,0,0,0,1,0,0,1,0,0,0,0,0,1,0,0,0,1,0
41,0,1,2,4,0,1,1,0,0,24,3868000,4,0,0,2,0,0,0,1,0,0,0,0,0,0,0,0,1,0,1,0,1,0,0,0,0,1,0,0,0,1,0,0,0
24,1,1,2,2,3,1,1,0,0,12,1768000,3,0,0,1,0,0,0,1,1,0,0,0,0,0,0,0,0,0,1,0,0,0,0,1,0,0,0,1,0,0,0,1,0
63,1,1,4,4,0,1,1,2,0,10,781000,4,0,0,2,0,1,0,0,0,0,0,0,0,0,1,0,0,0,1,0,0,1,0,0,0,0,1,0,0,1,0,0,0
27,0,1,3,1,2,1,0,1,2,18,1924000,4,0,0,1,1,0,0,1,1,0,0,0,0,0,0,0,0,0,1,0,0,1,0,0,0,0,0,1,0,0,0,1,0
30,1,1,2,2,3,1,1,0,1,12,2121000,4,0,0,2,0,0,1,0,0,0,0,0,0,0,1,0,0,0,1,0,0,1,0,0,1,0,0,0,0,1,0,0,0
40,1,1,2,2,3,1,1,0,1,12,701000,4,0,0,1,0,0,1,0,0,0,0,0,0,1,0,0,0,0,1,0,0,0,0,1,0,0,0,1,0,0,0,1,0
30,1,1,2,2,3,1,1,1,2,12,639000,4,0,0,1,1,0,1,0,0,0,0,0,0,0,0,1,0,0,1,0,0,1,0,0,0,1,0,0,0,0,0,1,0
34,1,1,2,0,1,1,1,1,2,12,1860000,4,0,0,2,0,0,1,0,0,0,0,0,0,0,0,0,1,0,1,0,1,0,0,0,0,1,0,0,0,1,0,0,0
29,0,1,2,2,3,1,1,0,1,12,3499000,3,1,0,2,1,0,1,0,0,0,0,0,0,0,1,0,0,0,1,0,0,1,0,0,0,0,0,1,0,1,0,0,0
24,0,1,2,3,4,1,0,1,2,48,8487000,1,0,0,1,0,0,1,0,0,0,0,0,0,0,1,0,0,0,1,0,0,1,0,0,0,1,0,0,0,0,0,1,0
29,1,1,3,2,3,1,1,0,1,36,6887000,4,0,0,1,1,0,1,0,0,0,0,0,1,0,0,0,0,0,0,1,0,1,0,0,1,0,0,0,0,0,1,0,0
27,1,1,3,1,2,1,1,0,0,15,2708000,2,0,0,2,0,0,1,0,1,0,0,0,0,0,0,0,0,1,0,0,0,0,0,1,1,0,0,0,0,0,0,1,0
47,1,1,4,2,3,1,1,0,0,18,1984000,4,0,0,2,0,1,0,0,1,0,0,0,0,0,0,0,0,1,0,0,0,1,0,0,0,0,1,0,0,0,0,1,0
21,0,1,4,3,4,1,2,0,0,60,10144000,2,0,0,1,0,0,1,0,0,0,0,0,0,1,0,0,0,0,1,0,0,1,0,0,0,0,0,1,0,0,0,1,0
38,0,1,2,4,0,1,0,0,0,12,1240000,4,0,0,2,0,0,1,0,0,0,0,0,0,1,0,0,0,0,1,0,0,1,0,0,0,0,0,1,0,1,0,0,0
27,1,1,2,2,3,1,4,0,0,27,8613000,2,0,0,2,0,0,1,0,0,0,0,0,0,0,0,0,1,0,1,0,0,1,0,0,0,1,0,0,0,0,1,0,0
66,1,1,3,2,3,1,3,1,2,12,766000,4,0,0,1,1,0,1,0,0,0,0,0,0,1,0,0,0,0,1,0,0,0,0,1,0,0,0,1,0,0,0,1,0
35,1,1,2,3,4,1,0,1,2,15,2728000,4,0,1,3,0,0,1,0,0,0,0,0,0,1,0,0,0,1,0,0,0,1,0,0,0,0,0,1,0,1,0,0,0
44,0,1,2,2,3,1,1,2,0,12,1881000,2,0,0,1,0,0,0,1,0,0,0,0,0,1,0,0,0,0,1,0,0,0,0,1,0,1,0,0,0,0,0,1,0
27,1,1,2,1,2,0,4,2,0,6,709000,2,0,0,1,0,0,1,0,0,0,0,0,0,0,1,0,0,0,1,0,0,0,1,0,0,0,0,1,0,0,0,1,0
30,0,1,1,1,2,1,1,1,2,36,4795000,4,0,0,1,0,0,1,0,0,0,0,0,0,1,0,0,0,0,1,0,1,0,0,0,0,0,1,0,0,0,0,1,0
27,1,1,2,2,3,1,1,0,1,27,3416000,3,0,0,1,0,0,1,0,0,0,0,0,0,1,0,0,0,0,1,0,1,0,0,0,0,1,0,0,0,0,0,1,0
22,1,1,2,2,3,1,1,0,1,18,2462000,2,0,0,1,1,0,1,0,1,0,0,0,0,0,0,0,0,0,1,0,0,1,0,0,0,1,0,0,0,0,0,1,0
23,0,1,4,1,2,1,1,0,0,21,2288000,4,0,0,1,0,0,1,0,1,0,0,0,0,0,0,0,0,0,1,0,0,1,0,0,1,0,0,0,0,1,0,0,0
30,1,1,2,3,4,1,2,1,2,48,3566000,4,0,0,1,0,0,1,0,0,1,0,0,0,0,0,0,0,0,1,0,0,1,0,0,0,1,0,0,1,0,0,0,0
39,0,1,4,4,0,1,1,0,1,6,860000,1,0,0,2,0,0,1,0,0,0,0,0,0,0,1,0,0,0,1,0,0,1,0,0,0,0,1,0,0,1,0,0,0
51,0,1,3,3,4,1,2,0,0,12,682000,4,0,0,2,0,0,1,0,0,0,0,0,0,0,1,0,0,0,1,0,0,1,0,0,0,1,0,0,0,1,0,0,0
28,1,1,2,2,3,1,1,0,1,36,5371000,3,0,1,2,0,0,1,0,1,0,0,0,0,0,0,0,0,0,1,0,0,1,0,0,1,0,0,0,0,1,0,0,0
46,1,1,4,4,0,1,4,0,0,18,1582000,4,0,0,2,0,0,1,0,0,0,0,0,0,1,0,0,0,0,1,0,0,1,0,0,0,1,0,0,0,1,0,0,0
42,1,2,4,4,0,1,2,0,0,6,1346000,2,0,0,1,0,1,0,0,0,0,0,0,0,1,0,0,0,1,0,0,0,1,0,0,0,0,1,0,0,0,0,1,0
38,1,1,4,2,3,0,1,0,0,10,1924000,1,0,0,1,0,0,1,0,0,0,0,0,0,1,0,0,0,0,1,0,0,1,0,0,1,0,0,0,0,0,0,1,0
24,1,1,1,2,3,1,1,2,0,36,5848000,4,0,0,1,0,0,1,0,0,0,0,0,0,1,0,0,0,0,1,0,0,1,0,0,0,1,0,0,0,0,0,1,0
29,0,1,4,4,0,1,4,1,2,24,7758000,2,0,0,1,0,0,0,1,0,0,0,0,0,0,0,0,1,0,1,0,0,1,0,0,0,0,1,0,0,1,0,0,0
36,1,1,4,3,4,1,2,1,2,24,6967000,4,0,0,1,0,0,0,1,0,1,0,0,0,0,0,0,0,0,1,0,1,0,0,0,0,1,0,0,0,0,1,0,0
20,0,1,4,2,3,1,1,0,1,12,1282000,2,0,0,1,1,0,0,1,1,0,0,0,0,0,0,0,0,0,1,0,0,1,0,0,0,1,0,0,0,0,0,1,0
48,1,2,4,4,0,0,2,0,1,9,1288000,3,0,1,2,0,0,1,0,0,0,0,0,0,0,0,1,0,0,1,0,0,1,0,0,0,0,0,1,0,1,0,0,0
45,1,1,1,4,0,1,1,0,1,12,339000,4,0,0,1,0,0,1,0,0,0,1,0,0,0,0,0,0,1,0,0,0,0,0,1,0,1,0,0,1,0,0,0,0
38,1,1,3,3,4,1,2,1,2,24,3512000,2,0,0,2,0,0,1,0,0,0,0,0,0,0,1,0,0,1,0,0,0,1,0,0,0,1,0,0,0,0,0,1,0
34,1,2,2,2,3,1,0,0,0,6,1898000,1,0,0,2,0,0,1,0,0,0,0,0,0,1,0,0,0,0,1,0,0,0,0,1,0,0,0,1,0,1,0,0,0
36,1,2,4,4,0,1,2,0,0,24,2872000,3,0,0,1,0,0,1,0,0,0,0,0,0,1,0,0,0,0,1,0,0,1,0,0,0,0,0,1,0,1,0,0,0
30,0,1,1,1,2,1,1,0,0,18,1055000,4,0,0,2,0,0,1,0,0,0,0,0,0,0,1,0,0,0,1,0,0,1,0,0,1,0,0,0,0,1,0,0,0
36,1,1,3,3,4,1,3,0,0,15,1262000,4,0,0,2,0,0,1,0,0,0,0,1,0,0,0,0,0,0,1,0,0,1,0,0,1,0,0,0,0,0,0,1,0
70,1,1,4,0,1,1,1,1,2,10,7308000,2,0,0,1,0,1,0,0,0,0,0,0,0,0,1,0,0,1,0,0,1,0,0,0,0,0,1,0,0,0,0,1,0
36,1,1,4,4,0,1,3,0,0,36,909000,4,0,0,1,0,0,1,0,0,0,0,0,0,0,1,0,0,0,1,0,0,1,0,0,1,0,0,0,0,0,0,1,0
32,1,1,2,2,3,1,3,0,0,6,2978000,1,0,0,1,0,0,1,0,1,0,0,0,0,0,0,0,0,0,1,0,0,1,0,0,0,1,0,0,0,0,0,1,0
33,0,1,2,0,1,1,1,0,1,18,1131000,4,0,0,1,1,0,1,0,1,0,0,0,0,0,0,0,0,0,1,0,0,1,0,0,0,1,0,0,0,0,0,1,0
20,0,1,1,1,2,1,4,1,2,11,1577000,4,0,0,1,0,0,1,0,1,0,0,0,0,0,0,0,0,0,1,0,0,1,0,0,0,0,0,1,0,0,0,1,0
25,0,1,4,3,4,1,1,0,0,24,3972000,2,0,0,1,0,0,0,1,1,0,0,0,0,0,0,0,0,0,1,0,0,1,0,0,1,0,0,0,0,0,0,1,0
31,1,1,4,4,0,1,1,1,2,24,1935000,4,0,0,2,1,0,1,0,0,1,0,0,0,0,0,0,0,0,1,0,0,1,0,0,0,0,0,1,0,1,0,0,0
33,1,2,3,4,0,1,1,0,1,15,950000,4,0,0,2,1,0,0,1,0,0,0,0,0,0,1,0,0,0,1,0,0,1,0,0,0,1,0,0,0,0,0,0,1
26,0,1,1,2,3,1,1,0,0,12,763000,4,0,0,1,0,0,1,0,1,0,0,0,0,0,0,0,0,0,1,0,0,1,0,0,0,0,0,1,0,0,0,1,0
34,0,1,2,0,1,1,1,1,2,24,2064000,3,0,0,1,1,0,1,0,1,0,0,0,0,0,0,0,0,0,1,0,1,0,0,0,1,0,0,0,0,0,1,0,0
33,1,1,2,2,3,0,1,1,2,8,1414000,4,0,1,1,0,0,1,0,0,0,0,0,0,1,0,0,0,0,1,0,0,1,0,0,0,0,0,1,0,0,0,1,0
26,1,1,1,1,2,1,1,0,1,21,3414000,2,0,0,2,1,0,1,0,0,0,0,0,1,0,0,0,0,0,1,0,0,1,0,0,1,0,0,0,0,0,1,0,0
53,0,1,1,0,1,1,0,0,0,30,7485000,4,0,0,1,1,0,1,0,0,0,0,0,0,0,0,0,1,1,0,0,1,0,0,0,0,0,0,1,1,0,0,0,0
42,1,1,1,2,3,1,1,0,1,12,2577000,2,0,0,1,0,0,1,0,1,0,0,0,0,0,0,0,0,0,1,0,0,1,0,0,0,1,0,0,0,0,0,1,0
52,1,1,4,4,0,1,3,0,1,6,338000,4,0,0,2,0,0,1,0,0,0,0,0,0,1,0,0,0,0,1,0,0,1,0,0,0,1,0,0,0,1,0,0,0
31,1,2,2,3,4,1,1,0,0,12,1963000,4,0,0,2,0,0,0,1,0,0,0,0,0,1,0,0,0,0,1,0,1,0,0,0,0,1,0,0,0,0,0,1,0
65,1,1,4,4,0,1,1,0,1,21,571000,4,0,0,2,0,0,1,0,0,0,0,0,0,0,1,0,0,0,1,0,0,1,0,0,0,0,0,1,0,1,0,0,0
28,1,1,1,1,2,1,1,0,0,36,9572000,1,0,0,2,1,0,1,0,0,1,0,0,0,0,0,0,0,0,1,0,0,1,0,0,0,1,0,0,0,0,1,0,0
30,1,1,2,2,3,1,1,1,2,36,4455000,2,0,0,2,1,0,1,0,0,1,0,0,0,0,0,0,0,0,0,1,1,0,0,0,0,0,0,1,0,0,1,0,0
40,1,2,2,2,3,1,0,0,1,21,1647000,4,0,0,2,1,0,1,0,0,0,0,0,0,0,1,0,0,0,1,0,0,0,0,1,1,0,0,0,1,0,0,0,0
50,1,1,4,2,3,1,4,0,0,24,3777000,4,0,0,1,0,0,1,0,1,0,0,0,0,0,0,0,0,0,1,0,0,1,0,0,0,0,0,1,0,1,0,0,0
36,1,2,4,4,0,1,1,1,2,18,884000,4,0,0,1,1,0,1,0,0,0,0,0,0,0,1,0,0,1,0,0,0,1,0,0,0,1,0,0,0,1,0,0,0
31,1,1,2,2,3,1,1,0,0,15,1360000,4,0,0,2,0,0,1,0,0,0,0,0,0,1,0,0,0,0,1,0,0,1,0,0,1,0,0,0,0,1,0,0,0
74,0,2,4,4,0,1,1,1,2,9,5129000,2,0,0,1,1,1,0,0,0,0,0,0,0,0,0,0,1,1,0,0,1,0,0,0,0,0,1,0,1,0,0,0,0
68,1,1,3,0,1,1,1,1,2,16,1175000,2,0,0,3,0,1,0,0,0,0,0,0,0,0,1,0,0,0,1,0,0,0,1,0,0,1,0,0,0,1,0,0,0
20,1,1,1,3,4,1,2,0,1,12,674000,4,0,0,1,1,0,1,0,0,0,0,0,0,1,0,0,0,0,1,0,0,1,0,0,1,0,0,0,0,0,0,1,0
33,0,1,4,2,3,1,1,1,2,18,3244000,1,0,0,2,0,0,1,0,1,0,0,0,0,0,0,0,0,1,0,0,0,1,0,0,0,1,0,0,0,0,0,0,1
54,1,1,3,2,3,1,4,0,0,24,4591000,2,0,0,3,1,0,1,0,0,1,0,0,0,0,0,0,0,0,1,0,1,0,0,0,1,0,0,0,0,0,0,1,0
34,1,2,4,3,4,1,2,1,2,48,3844000,4,0,0,1,1,1,0,0,0,1,0,0,0,0,0,0,0,0,1,0,0,0,0,1,0,0,1,0,0,0,0,0,1
36,1,2,2,2,3,1,1,1,2,27,3915000,4,0,0,1,1,0,1,0,0,1,0,0,0,0,0,0,0,0,1,0,0,1,0,0,0,1,0,0,0,0,0,1,0
29,1,1,2,3,4,1,1,0,0,6,2108000,2,0,0,1,0,0,0,1,0,0,0,0,0,1,0,0,0,0,1,0,0,1,0,0,0,0,0,1,0,0,0,1,0
21,1,1,4,2,3,1,2,1,2,45,3031000,4,0,1,1,1,0,0,1,0,0,0,0,0,1,0,0,0,0,1,0,0,1,0,0,1,0,0,0,0,0,0,1,0
34,0,1,3,4,0,1,1,1,2,9,1501000,2,0,0,2,1,0,1,0,0,0,0,0,1,0,0,0,0,0,1,0,1,0,0,0,0,1,0,0,0,1,0,0,0
28,0,1,1,2,3,1,1,0,0,6,1382000,1,0,0,2,0,0,1,0,0,0,0,0,0,1,0,0,0,0,1,0,0,1,0,0,0,1,0,0,0,1,0,0,0
27,0,1,4,1,2,1,2,1,2,12,951000,4,0,0,4,1,0,0,1,1,0,0,0,0,0,0,0,0,1,0,0,0,1,0,0,0,1,0,0,0,0,0,1,0
36,1,1,4,4,0,1,0,1,2,24,2760000,4,0,0,1,0,1,0,0,0,0,0,0,0,0,0,0,1,1,0,0,0,1,0,0,0,0,1,0,0,0,0,1,0
40,1,1,3,4,0,1,1,1,2,18,4297000,4,0,0,1,1,0,1,0,1,0,0,0,0,0,0,0,0,0,1,0,1,0,0,0,0,0,1,0,0,0,1,0,0
52,1,1,2,4,0,1,3,0,0,9,936000,4,0,0,2,0,0,1,0,0,0,0,0,1,0,0,0,0,0,1,0,0,1,0,0,0,1,0,0,0,1,0,0,0
27,1,1,3,2,3,1,1,0,1,12,1168000,4,0,0,1,0,0,1,0,0,0,0,0,0,0,1,0,0,0,1,0,0,0,0,1,0,0,0,1,0,0,0,1,0
26,1,1,4,3,4,1,1,0,0,27,5117000,3,0,0,2,0,0,1,0,0,1,0,0,0,0,0,0,0,0,1,0,0,1,0,0,0,1,0,0,0,0,1,0,0
21,1,1,4,3,4,1,1,0,1,12,902000,4,0,0,1,1,0,0,1,0,0,1,0,0,0,0,0,0,0,1,0,0,1,0,0,1,0,0,0,0,0,0,1,0
38,1,2,1,4,0,1,1,0,0,12,1495000,4,0,0,2,0,0,1,0,0,0,0,0,0,0,1,0,0,0,1,0,0,0,0,1,0,0,0,1,0,1,0,0,0
38,1,2,4,4,0,1,1,0,1,30,10623000,3,0,0,3,0,1,0,0,0,0,0,0,0,0,0,0,1,0,1,0,1,0,0,0,0,0,1,0,0,1,0,0,0
43,1,1,4,4,0,1,1,0,0,12,1935000,4,0,0,3,0,0,1,0,1,0,0,0,0,0,0,0,0,0,1,0,0,1,0,0,0,0,0,1,0,1,0,0,0
26,1,1,3,3,4,1,1,1,2,12,1424000,4,0,0,1,0,0,1,0,0,0,0,1,0,0,0,0,0,0,1,0,0,1,0,0,1,0,0,0,0,1,0,0,0
21,1,1,2,2,3,1,1,0,1,24,6568000,2,0,0,1,0,0,1,0,0,1,0,0,0,0,0,0,0,0,0,1,0,0,0,1,0,1,0,0,0,0,0,1,0
55,1,1,2,3,4,0,4,0,0,12,1413000,3,0,0,1,0,0,1,0,0,0,0,0,0,0,0,0,1,0,1,0,0,1,0,0,1,0,0,0,0,0,0,1,0
33,1,2,2,2,3,1,0,0,0,9,3074000,1,0,0,2,0,0,1,0,0,0,0,0,0,1,0,0,0,0,1,0,0,1,0,0,0,0,0,1,0,1,0,0,0
45,0,1,4,4,0,1,0,0,0,36,3835000,2,0,0,1,0,0,1,0,0,0,0,0,0,1,0,0,0,0,1,0,0,0,0,1,0,0,0,1,0,0,0,1,0
50,1,1,4,0,1,1,1,0,1,27,5293000,2,0,0,2,1,0,1,0,0,1,0,0,0,0,0,0,0,0,0,1,0,1,0,0,1,0,0,0,0,0,0,0,1
66,1,1,4,4,0,1,1,2,0,30,1908000,4,0,0,1,1,0,1,0,0,1,0,0,0,0,0,0,0,0,1,0,1,0,0,0,0,0,0,1,0,0,1,0,0
51,1,1,2,4,0,1,0,0,0,36,3342000,4,0,0,1,0,0,1,0,0,0,0,0,0,1,0,0,0,0,1,0,0,1,0,0,0,1,0,0,0,1,0,0,0
39,0,1,3,3,4,1,0,1,2,6,932000,1,0,0,2,0,0,1,0,0,0,1,0,0,0,0,0,0,0,1,0,0,0,0,1,1,0,0,0,0,1,0,0,0
31,1,1,1,3,4,1,1,0,1,18,3104000,3,0,0,1,0,0,1,0,0,1,0,0,0,0,0,0,0,1,0,0,0,1,0,0,1,0,0,0,0,0,0,0,1
23,1,1,2,2,3,1,1,2,0,36,3913000,2,0,0,1,0,0,1,0,0,0,0,0,0,1,0,0,0,0,1,0,0,1,0,0,0,0,0,1,0,0,0,1,0
24,1,1,2,2,3,1,1,0,1,24,3021000,2,0,0,1,0,0,0,1,1,0,0,0,0,0,0,0,0,0,1,0,0,0,0,1,0,0,0,1,0,0,0,1,0
64,0,1,4,2,3,1,1,0,0,10,1364000,2,0,0,1,0,0,1,0,0,0,0,0,0,0,1,0,0,0,1,0,0,1,0,0,0,1,0,0,0,0,0,1,0
26,1,1,1,1,2,1,1,1,2,12,625000,4,0,1,1,0,0,1,0,0,0,0,0,0,1,0,0,0,1,0,0,0,0,0,1,0,0,0,1,0,0,0,1,0
23,0,1,4,2,3,1,0,0,1,12,1200000,4,0,0,1,0,0,0,1,0,0,0,0,1,0,0,0,0,1,0,0,0,1,0,0,1,0,0,0,0,0,0,1,0
30,1,1,2,2,3,1,1,0,0,12,707000,4,0,0,2,0,0,1,0,0,0,0,0,0,1,0,0,0,1,0,0,0,1,0,0,0,0,0,1,0,0,0,1,0
32,1,2,4,2,3,1,0,0,0,24,2978000,4,0,0,2,0,0,1,0,0,1,0,0,0,0,0,0,0,0,1,0,0,1,0,0,0,0,0,1,0,0,1,0,0
30,1,1,2,2,3,1,1,0,0,15,4657000,3,0,0,1,0,0,1,0,0,0,0,0,0,0,0,0,1,0,1,0,0,1,0,0,0,1,0,0,0,0,0,1,0
27,1,1,2,2,3,1,1,0,0,36,2613000,4,0,0,2,0,0,1,0,0,0,0,0,0,0,0,1,0,0,1,0,0,1,0,0,0,1,0,0,0,0,0,0,1
27,1,1,2,3,4,1,4,1,2,48,10961000,1,1,0,2,1,0,1,0,0,0,0,0,0,1,0,0,0,1,0,0,0,1,0,0,0,0,1,0,0,0,0,1,0
53,1,1,4,4,0,1,1,0,1,12,7865000,4,0,0,1,1,1,0,0,1,0,0,0,0,0,0,0,0,0,1,0,1,0,0,0,0,0,1,0,0,0,0,1,0
22,1,1,2,3,4,1,1,0,0,9,1478000,4,0,0,1,1,0,1,0,0,0,0,0,0,1,0,0,0,0,1,0,0,1,0,0,0,1,0,0,0,0,0,1,0
22,1,1,1,1,2,1,1,0,1,24,3149000,4,0,0,1,0,1,0,0,1,0,0,0,0,0,0,0,0,1,0,0,0,1,0,0,0,0,1,0,0,0,0,1,0
26,1,1,2,2,3,1,1,2,0,36,4210000,4,0,0,1,1,0,1,0,0,0,0,0,0,1,0,0,0,0,1,0,0,1,0,0,0,1,0,0,0,0,0,1,0
51,1,1,4,4,0,1,3,0,0,9,2507000,2,0,0,1,0,1,0,0,0,0,0,0,0,0,1,0,0,0,1,0,0,0,0,1,0,0,1,0,0,0,0,1,0
35,1,1,1,3,4,1,2,0,0,12,2141000,3,0,0,1,0,0,1,0,0,0,0,0,0,1,0,0,0,0,1,0,0,1,0,0,0,0,1,0,0,0,0,1,0
25,1,1,2,2,3,1,1,1,2,18,866000,4,0,1,1,0,0,1,0,0,0,0,0,0,1,0,0,0,0,1,0,0,0,0,1,0,0,0,1,0,0,0,1,0
42,1,2,1,3,4,1,1,0,0,4,1544000,2,0,0,3,0,0,1,0,0,0,0,0,0,1,0,0,0,0,1,0,0,0,0,1,0,0,0,1,0,1,0,0,0
30,1,2,2,0,1,1,1,0,1,24,1823000,4,0,0,1,1,0,1,0,0,0,0,0,0,1,0,0,0,0,0,1,1,0,0,0,0,1,0,0,0,0,0,1,0
23,1,1,2,0,1,1,0,1,2,6,14555000,1,0,0,1,1,0,1,0,0,0,0,0,0,0,1,0,0,0,1,0,0,0,1,0,1,0,0,0,0,0,0,1,0
61,1,1,2,4,0,1,2,1,2,21,2767000,4,0,0,2,1,0,0,1,0,1,0,0,0,0,0,0,0,1,0,0,0,0,0,1,0,1,0,0,0,0,0,1,0
35,0,1,2,2,3,1,1,0,0,12,1291000,4,0,0,2,0,0,1,0,0,0,0,0,0,1,0,0,0,0,1,0,0,1,0,0,1,0,0,0,0,1,0,0,0
39,1,2,3,4,0,1,1,0,1,30,2522000,1,0,1,1,0,0,1,0,0,0,0,0,0,1,0,0,0,0,1,0,0,1,0,0,1,0,0,0,0,0,0,1,0
29,0,1,2,4,0,1,0,0,1,24,915000,4,0,0,1,1,0,1,0,0,0,0,0,0,0,1,0,0,1,0,0,0,1,0,0,0,1,0,0,0,0,0,1,0
51,1,2,2,3,4,1,1,0,0,6,1595000,3,0,0,1,0,0,1,0,0,0,0,0,0,1,0,0,0,0,1,0,0,1,0,0,1,0,0,0,0,0,0,1,0
24,1,2,4,4,0,1,1,0,1,48,4605000,3,0,0,2,1,1,0,0,0,0,0,0,0,0,0,0,1,0,1,0,0,1,0,0,0,0,1,0,0,0,0,0,1
27,0,1,2,2,3,1,1,0,0,12,1185000,3,0,0,2,0,0,1,0,0,1,0,0,0,0,0,0,0,0,1,0,0,1,0,0,0,0,0,1,0,1,0,0,0
35,0,2,3,2,3,1,3,0,0,12,3447000,4,0,0,1,0,0,1,0,0,0,1,0,0,0,0,0,0,0,1,0,0,0,0,1,0,0,0,1,1,0,0,0,0
25,1,1,1,3,4,1,1,0,0,24,1258000,4,0,0,1,0,0,1,0,0,1,0,0,0,0,0,0,0,0,1,0,0,1,0,0,0,0,0,1,0,0,0,1,0
52,1,1,4,4,0,1,1,0,0,12,717000,4,0,0,3,0,0,1,0,0,0,0,0,0,1,0,0,0,0,1,0,0,1,0,0,0,0,0,1,0,1,0,0,0
35,1,1,1,2,3,0,2,0,0,6,1204000,4,0,0,1,0,0,0,1,0,0,0,0,0,0,1,0,0,1,0,0,0,1,0,0,0,0,1,0,0,0,0,0,1
26,1,1,2,2,3,1,1,2,0,24,1925000,2,0,0,1,0,0,1,0,1,0,0,0,0,0,0,0,0,0,1,0,0,1,0,0,0,0,0,1,0,0,0,1,0
22,0,1,4,0,1,1,1,0,0,18,433000,3,1,0,1,1,0,0,1,0,0,0,0,0,1,0,0,0,0,1,0,0,1,0,0,0,0,0,1,0,0,0,1,0
39,0,1,4,3,4,1,4,0,1,6,666000,3,0,0,2,0,0,1,0,0,0,0,0,0,0,1,0,0,0,1,0,0,0,0,1,0,0,0,1,0,1,0,0,0
46,0,1,2,2,3,1,1,2,0,12,2251000,1,0,0,1,0,0,1,0,1,0,0,0,0,0,0,0,0,0,1,0,0,0,0,1,0,1,0,0,0,0,0,1,0
24,0,1,2,2,3,1,1,1,2,30,2150000,4,0,1,1,1,0,1,0,0,0,0,0,0,0,1,0,0,1,0,0,0,1,0,0,0,0,1,0,0,0,0,1,0
35,1,1,3,2,3,1,2,0,0,24,4151000,2,0,0,2,0,0,1,0,1,0,0,0,0,0,0,0,0,0,1,0,0,1,0,0,1,0,0,0,0,0,1,0,0
24,1,1,1,3,4,1,0,1,2,9,2030000,2,0,0,1,0,0,1,0,1,0,0,0,0,0,0,0,0,0,1,0,0,1,0,0,0,1,0,0,0,0,0,1,0
27,1,1,1,2,3,1,0,1,2,60,7418000,1,0,0,1,0,0,1,0,0,0,0,0,0,1,0,0,0,0,1,0,0,0,0,1,0,0,0,1,0,0,1,0,0
35,1,1,2,2,3,1,1,0,0,24,2684000,4,0,0,2,0,0,1,0,0,0,0,0,0,1,0,0,0,0,1,0,0,0,0,1,0,0,0,1,0,1,0,0,0
29,1,1,1,2,3,1,1,0,1,12,2149000,4,0,0,1,1,1,0,0,0,0,0,0,0,1,0,0,0,0,1,0,0,1,0,0,0,0,1,0,1,0,0,0,0
23,0,1,4,1,2,1,2,0,0,15,3812000,1,0,0,1,0,0,1,0,0,0,0,0,0,0,0,0,1,0,1,0,0,1,0,0,0,1,0,0,0,0,0,1,0
57,0,1,4,0,1,1,2,0,0,11,1154000,4,0,0,3,0,0,1,0,0,0,0,0,0,1,0,0,0,0,1,0,0,0,0,1,0,0,0,1,0,1,0,0,0
27,1,1,2,2,3,1,1,0,1,12,1657000,2,0,0,1,0,0,1,0,1,0,0,0,0,0,0,0,0,0,1,0,0,1,0,0,0,0,0,1,0,0,0,1,0
55,0,1,4,4,0,1,1,0,1,24,1603000,4,0,0,1,0,0,1,0,0,0,0,0,0,1,0,0,0,0,1,0,0,1,0,0,0,1,0,0,0,0,0,1,0
36,1,1,4,4,0,1,1,0,1,18,5302000,2,0,0,3,0,1,0,0,0,0,0,0,0,0,1,0,0,0,1,0,1,0,0,0,0,0,1,0,0,1,0,0,0
57,0,1,4,4,0,1,1,0,0,12,2748000,2,0,0,3,0,1,0,0,0,0,0,0,1,0,0,0,0,1,0,0,0,0,0,1,0,0,1,0,0,1,0,0,0
32,1,2,4,4,0,0,1,0,0,10,1231000,3,0,0,2,0,0,1,0,0,0,0,0,0,0,1,0,0,0,1,0,0,0,0,1,0,0,0,1,0,1,0,0,0
37,1,2,3,4,0,1,1,1,2,15,802000,4,0,0,1,1,0,1,0,0,0,0,0,0,1,0,0,0,0,1,0,0,1,0,0,0,1,0,0,0,0,0,1,0
36,1,1,4,4,0,1,0,0,0,36,6304000,4,0,0,2,0,0,1,0,0,1,0,0,0,0,0,0,0,0,1,0,0,1,0,0,0,0,0,1,0,1,0,0,0
38,0,1,3,1,2,1,1,0,0,24,1533000,4,0,0,1,0,0,1,0,0,0,0,0,0,1,0,0,0,0,0,1,0,1,0,0,0,1,0,0,0,0,0,1,0
45,1,1,4,4,0,0,1,0,1,14,8978000,1,0,0,1,1,0,1,0,0,0,0,0,0,0,1,0,0,0,1,0,1,0,0,0,1,0,0,0,0,0,0,1,0
25,1,1,2,4,0,1,0,0,0,24,999000,4,0,0,2,0,0,1,0,0,0,0,0,0,1,0,0,0,0,1,0,0,1,0,0,0,1,0,0,0,0,0,1,0
32,1,1,3,3,4,0,0,0,0,18,2662000,4,0,0,1,0,0,1,0,0,0,0,0,0,0,1,0,0,0,1,0,0,1,0,0,1,0,0,0,0,0,0,1,0
37,0,1,4,3,4,1,3,0,0,12,1402000,3,0,0,1,0,0,0,1,1,0,0,0,0,0,0,0,0,0,1,0,0,1,0,0,0,1,0,0,0,1,0,0,0
36,1,1,4,0,1,1,0,1,2,48,12169000,4,1,0,1,0,1,0,0,0,0,0,0,0,0,1,0,0,0,1,0,1,0,0,0,0,0,1,0,1,0,0,0,0
28,1,1,4,3,4,1,1,1,2,48,3060000,4,0,0,2,1,0,1,0,0,0,0,0,0,1,0,0,0,0,1,0,0,1,0,0,0,0,0,1,0,0,0,1,0
34,1,1,1,1,2,1,1,0,1,30,11998000,1,0,0,1,1,0,1,0,0,0,0,0,0,0,0,1,0,0,1,0,0,0,0,1,0,0,1,0,0,0,0,1,0
32,1,2,2,2,3,1,1,0,0,9,2697000,1,0,0,1,0,0,1,0,0,0,0,0,0,1,0,0,0,0,1,0,0,1,0,0,0,0,0,1,0,0,0,1,0
26,0,1,2,2,3,1,1,0,0,18,2404000,2,0,0,2,0,0,1,0,0,0,0,0,0,1,0,0,0,0,1,0,0,1,0,0,0,1,0,0,0,1,0,0,0
49,1,1,4,4,0,1,0,0,1,12,1262000,2,0,0,1,0,0,1,0,1,0,0,0,0,0,0,0,0,0,1,0,0,0,0,1,1,0,0,0,0,0,0,1,0
32,0,1,4,1,2,1,1,0,0,6,4611000,1,0,0,1,1,0,1,0,1,0,0,0,0,0,0,0,0,0,1,0,0,1,0,0,1,0,0,0,0,0,0,1,0
29,1,1,4,2,3,1,2,0,0,24,1901000,4,0,0,1,0,0,0,1,0,0,0,0,0,1,0,0,0,0,1,0,1,0,0,0,0,1,0,0,0,0,0,1,0
23,1,1,4,4,0,1,4,0,0,15,3368000,3,0,0,2,0,0,0,1,0,0,0,0,0,0,0,0,1,0,1,0,0,1,0,0,0,0,1,0,0,1,0,0,0
50,1,1,2,2,3,1,1,0,0,12,1574000,4,0,0,1,0,0,1,0,1,0,0,0,0,0,0,0,0,0,1,0,0,1,0,0,0,0,0,1,0,0,0,1,0
49,1,1,4,3,4,1,0,2,0,18,1445000,4,0,0,1,0,0,1,0,0,0,0,0,0,1,0,0,0,1,0,0,0,0,0,1,0,1,0,0,1,0,0,0,0
63,1,1,4,4,0,1,0,0,0,15,1520000,4,0,0,1,0,0,1,0,1,0,0,0,0,0,0,0,0,0,1,0,0,1,0,0,1,0,0,0,0,1,0,0,0
37,1,1,2,1,2,1,2,1,2,24,3878000,4,0,0,1,0,0,1,0,0,0,0,0,0,0,1,0,0,0,1,0,0,1,0,0,0,1,0,0,0,1,0,0,0
35,0,1,1,1,2,1,1,0,1,47,10722000,1,0,0,1,0,0,1,0,0,0,0,0,0,0,1,0,0,0,1,0,0,0,0,1,0,0,0,1,0,0,0,1,0
26,1,2,3,3,4,1,1,0,1,48,4788000,4,0,0,1,0,0,1,0,0,0,0,0,0,0,0,0,1,0,1,0,0,1,0,0,1,0,0,0,0,0,0,1,0
31,1,1,4,0,1,1,2,1,2,48,7582000,2,0,0,1,0,1,0,0,0,0,0,0,0,0,0,0,0,0,1,0,1,0,0,0,0,0,1,0,0,0,1,0,0
49,0,1,4,2,3,1,1,1,2,12,1092000,4,0,1,2,0,0,1,0,0,0,0,0,0,1,0,0,0,0,1,0,0,1,0,0,0,0,0,1,0,0,0,1,0
48,1,1,4,1,2,1,1,0,1,24,1024000,4,0,0,1,1,0,1,0,0,0,0,0,0,1,0,0,0,0,0,1,0,1,0,0,0,0,0,1,0,0,1,0,0
26,1,1,2,2,3,0,1,0,0,12,1076000,2,0,0,1,0,0,1,0,0,1,0,0,0,0,0,0,0,0,1,0,0,1,0,0,0,0,0,1,0,0,0,1,0
28,1,1,4,1,2,1,1,1,2,36,9398000,1,0,0,1,1,0,0,1,0,0,0,0,0,0,0,0,1,0,1,0,1,0,0,0,0,1,0,0,0,0,0,1,0
44,0,2,4,4,0,1,1,0,1,24,6419000,2,0,0,2,0,1,0,0,0,0,0,0,0,0,0,0,1,0,1,0,1,0,0,0,0,0,1,0,0,1,0,0,0
56,1,1,4,4,0,1,1,2,0,42,4796000,4,0,0,1,0,1,0,0,0,0,0,0,0,0,0,0,1,0,1,0,0,1,0,0,0,0,1,0,0,1,0,0,0
46,1,2,2,4,0,1,0,0,0,48,7629000,4,0,0,2,0,0,1,0,0,1,0,0,0,0,0,0,0,1,0,0,1,0,0,0,0,1,0,0,0,1,0,0,0
26,0,1,2,1,2,1,1,1,2,48,9960000,1,0,0,1,1,0,1,0,1,0,0,0,0,0,0,0,0,0,1,0,0,1,0,0,0,1,0,0,0,0,0,1,0
20,0,1,4,1,2,1,0,0,0,12,4675000,1,0,0,1,0,0,0,1,0,0,0,0,0,0,0,0,1,0,1,0,0,1,0,0,0,1,0,0,0,0,0,1,0
45,1,1,2,4,0,0,0,0,0,10,1287000,4,1,0,1,0,0,1,0,0,0,0,0,0,0,1,0,0,0,1,0,0,0,0,1,1,0,0,0,0,0,0,1,0
43,1,1,4,2,3,1,1,0,0,18,2515000,3,0,0,1,0,0,1,0,1,0,0,0,0,0,0,0,0,0,1,0,0,1,0,0,0,0,0,1,0,0,0,1,0
32,1,1,2,3,4,1,4,1,2,21,2745000,3,0,0,2,0,0,1,0,1,0,0,0,0,0,0,0,0,0,1,0,0,1,0,0,0,1,0,0,0,1,0,0,0
54,0,1,4,0,1,1,1,0,0,6,672000,1,0,0,1,0,0,1,0,0,0,0,0,0,0,1,0,0,0,1,0,0,0,1,0,0,0,0,1,0,0,0,1,0
42,0,1,1,2,3,1,1,1,2,36,3804000,4,0,0,1,1,0,1,0,0,0,0,0,0,1,0,0,0,0,1,0,0,1,0,0,0,1,0,0,0,0,0,0,1
37,1,2,2,3,4,1,0,2,0,24,1344000,4,0,0,2,1,0,1,0,0,0,0,0,0,0,1,0,0,1,0,0,0,0,0,1,0,0,0,1,0,1,0,0,0
49,1,1,3,3,4,1,1,0,1,10,1038000,4,1,0,2,0,0,1,0,0,0,0,0,0,0,1,0,0,0,1,0,0,1,0,0,1,0,0,0,0,1,0,0,0
44,1,1,2,2,3,1,3,0,0,48,10127000,2,0,0,1,1,1,0,0,0,0,0,0,0,0,1,0,0,1,0,0,0,1,0,0,0,0,1,0,0,1,0,0,0
33,1,1,2,2,3,1,4,0,0,6,1543000,4,0,0,1,0,0,1,0,1,0,0,0,0,0,0,0,0,0,1,0,0,1,0,0,0,0,0,1,0,0,0,1,0
24,0,1,4,3,4,1,0,0,0,30,4811000,2,0,0,1,0,0,0,1,0,0,0,0,0,0,0,0,1,0,0,1,0,0,0,1,1,0,0,0,0,0,0,1,0
33,1,1,3,1,2,1,2,0,1,12,727000,4,0,0,1,1,0,1,0,0,0,0,0,0,1,0,0,0,0,1,0,0,0,0,1,0,0,1,0,0,0,0,1,0
24,0,1,4,2,3,1,1,1,2,8,1237000,3,0,0,1,1,0,1,0,1,0,0,0,0,0,0,0,0,0,1,0,0,1,0,0,0,0,0,1,0,0,0,1,0
22,1,1,4,2,3,1,1,1,2,9,276000,4,0,0,1,0,0,0,1,0,0,0,0,0,0,1,0,0,0,1,0,0,0,0,1,0,0,0,1,0,0,0,1,0
40,1,1,4,0,1,1,0,1,2,48,5381000,3,0,0,1,0,1,0,0,0,0,0,0,0,0,0,0,0,1,0,0,0,0,1,0,0,0,1,0,0,0,0,1,0
25,1,1,1,2,3,1,2,0,0,24,5511000,4,0,0,1,0,0,1,0,1,0,0,0,0,0,0,0,0,0,0,1,0,1,0,0,0,1,0,0,0,0,0,1,0
26,0,1,4,1,2,1,1,2,0,24,3749000,2,0,0,1,0,0,1,0,1,0,0,0,0,0,0,0,0,0,1,0,0,1,0,0,0,1,0,0,0,0,0,1,0
25,1,1,3,3,4,1,1,1,2,12,685000,2,0,0,1,1,0,1,0,0,0,0,0,0,0,1,0,0,1,0,0,0,0,0,1,0,1,0,0,0,0,0,1,0
29,1,2,2,1,2,0,0,2,0,4,1494000,1,0,0,1,0,0,1,0,0,0,0,0,0,0,1,0,0,0,1,0,0,0,0,1,0,0,0,1,0,0,0,1,0
31,1,1,4,4,0,1,1,0,1,36,2746000,4,0,0,1,1,0,1,0,1,0,0,0,0,0,0,0,0,1,0,0,0,1,0,0,0,1,0,0,1,0,0,0,0
38,1,2,3,2,3,1,1,0,1,12,708000,2,0,1,1,0,0,1,0,1,0,0,0,0,0,0,0,0,0,1,0,0,0,0,1,1,0,0,0,0,0,0,1,0
48,0,1,4,2,3,1,0,1,2,24,4351000,1,0,0,1,0,0,1,0,1,0,0,0,0,0,0,0,0,0,1,0,0,0,0,1,1,0,0,0,0,0,0,1,0
32,1,1,2,2,3,1,1,0,0,12,701000,4,0,0,2,0,0,1,0,0,0,0,0,1,0,0,0,0,0,1,0,0,1,0,0,0,1,0,0,0,1,0,0,0
27,0,1,4,4,0,1,1,0,1,15,3643000,1,0,0,2,0,0,1,0,1,0,0,0,0,0,0,0,0,0,1,0,0,0,0,1,1,0,0,0,0,0,1,0,0
28,1,1,2,0,1,1,1,1,2,30,4249000,4,0,0,2,1,0,1,0,0,0,0,0,0,0,1,0,0,0,1,0,1,0,0,0,0,1,0,0,0,1,0,0,0
32,1,1,3,1,2,1,1,0,1,24,1938000,4,0,0,1,1,0,1,0,0,0,0,0,0,1,0,0,0,0,1,0,0,1,0,0,1,0,0,0,0,0,0,1,0
34,1,1,1,3,4,1,1,0,1,24,2910000,2,0,0,1,0,1,0,0,0,0,0,0,0,0,0,0,1,0,1,0,1,0,0,0,0,0,1,0,0,0,0,1,0
28,1,1,2,2,3,1,4,0,1,18,2659000,4,0,0,1,0,0,1,0,1,0,0,0,0,0,0,0,0,0,1,0,0,1,0,0,0,1,0,0,0,0,0,1,0
36,0,1,3,2,3,1,1,0,0,18,1028000,4,0,0,2,0,0,1,0,0,0,0,0,0,0,1,0,0,0,1,0,0,1,0,0,0,0,0,1,0,1,0,0,0
39,1,1,4,3,4,0,1,0,1,8,3398000,1,0,0,2,0,0,1,0,0,0,0,0,0,0,1,0,0,0,1,0,0,0,0,1,0,0,0,1,0,1,0,0,0
49,1,1,4,4,0,1,0,0,0,12,5801000,2,0,0,1,0,0,0,1,1,0,0,0,0,0,0,0,0,0,1,0,0,1,0,0,1,0,0,0,0,1,0,0,0
34,0,2,3,3,4,1,4,0,0,24,1525000,4,0,0,1,0,0,1,0,0,0,0,0,0,0,1,0,0,0,1,0,0,1,0,0,0,1,0,0,0,0,0,1,0
31,1,1,2,4,0,1,1,2,0,36,4473000,4,0,0,1,0,0,1,0,0,0,0,0,0,1,0,0,0,0,1,0,0,1,0,0,0,1,0,0,0,0,0,1,0
28,1,2,4,4,0,1,1,1,2,6,1068000,4,0,0,1,0,0,1,0,0,0,0,0,0,1,0,0,0,0,1,0,0,1,0,0,0,1,0,0,0,0,0,1,0
75,1,1,4,0,1,1,1,0,1,24,6615000,2,0,0,2,0,1,0,0,0,0,0,0,0,0,0,0,1,0,1,0,1,0,0,0,0,0,1,0,0,1,0,0,0
30,0,1,2,2,3,1,2,0,0,18,1864000,4,0,0,2,1,0,1,0,0,0,0,0,1,0,0,0,0,0,1,0,0,1,0,0,0,0,0,1,0,1,0,0,0
24,0,1,2,1,2,1,2,1,2,60,7408000,4,0,0,1,1,0,1,0,0,0,0,0,0,0,1,0,0,0,1,0,1,0,0,0,1,0,0,0,0,0,0,1,0
24,0,1,4,2,3,1,2,0,0,48,11590000,2,0,0,2,1,0,0,1,0,0,0,0,0,0,0,0,1,1,0,0,0,0,0,1,0,1,0,0,0,1,0,0,0
23,1,2,4,4,0,1,1,0,1,24,4110000,3,0,0,2,1,0,0,1,1,0,0,0,0,0,0,0,0,1,0,0,0,1,0,0,0,0,1,0,0,0,0,0,1
44,1,1,4,2,3,1,1,0,1,6,3384000,1,0,0,1,1,0,0,1,1,0,0,0,0,0,0,0,0,0,1,0,1,0,0,0,0,0,0,1,0,1,0,0,0
23,0,1,4,1,2,1,1,1,2,13,2101000,2,0,1,1,0,0,1,0,0,0,0,0,0,1,0,0,0,0,1,0,0,0,0,1,1,0,0,0,0,0,0,1,0
24,0,1,2,2,3,1,0,0,1,15,1275000,4,0,0,1,1,0,0,1,0,0,0,1,0,0,0,0,0,0,1,0,0,1,0,0,0,1,0,0,0,0,0,1,0
28,1,1,4,2,3,1,1,0,1,24,4169000,4,0,0,1,0,0,1,0,1,0,0,0,0,0,0,0,0,0,1,0,0,1,0,0,1,0,0,0,0,0,0,1,0
31,1,1,2,2,3,1,1,1,2,10,1521000,4,0,0,1,0,0,1,0,1,0,0,0,0,0,0,0,0,0,1,0,0,0,0,1,0,1,0,0,0,0,0,1,0
24,0,1,4,1,2,1,1,1,2,24,5743000,2,0,0,2,0,1,0,0,0,0,0,0,1,0,0,0,0,0,1,0,0,1,0,0,0,0,1,0,0,1,0,0,0
26,0,1,4,3,4,1,1,0,1,21,3599000,1,0,0,1,0,0,0,1,1,0,0,0,0,0,0,0,0,0,1,0,0,0,0,1,0,1,0,0,0,0,0,1,0
25,1,1,3,1,2,1,3,1,2,18,3213000,1,0,0,1,0,0,0,1,0,0,0,0,0,1,0,0,0,0,1,0,0,1,0,0,0,0,0,1,0,0,0,1,0
33,1,1,1,4,0,1,1,1,2,18,4439000,1,1,0,1,0,0,1,0,0,1,0,0,0,0,0,0,0,1,0,0,1,0,0,0,0,0,0,1,0,0,0,1,0
37,1,2,1,1,2,1,1,2,0,10,3949000,1,0,1,1,0,0,1,0,0,0,0,0,0,0,1,0,0,0,1,0,0,0,0,1,1,0,0,0,0,0,0,1,0
43,0,1,2,2,3,1,1,0,0,15,1459000,4,0,0,1,0,0,1,0,0,0,0,0,0,1,0,0,0,0,1,0,0,0,0,1,0,1,0,0,0,1,0,0,0
23,1,1,4,1,2,1,1,1,2,13,882000,4,0,1,2,0,0,1,0,0,0,0,0,0,1,0,0,0,0,1,0,0,1,0,0,0,0,0,1,0,1,0,0,0
23,0,1,4,0,1,1,3,1,2,24,3758000,1,0,0,1,0,0,0,1,0,0,0,0,0,1,0,0,0,0,1,0,0,0,1,0,0,0,1,0,0,0,0,1,0
34,1,1,2,2,3,1,2,0,0,6,1743000,1,0,0,2,0,0,1,0,0,1,0,0,0,0,0,0,0,0,1,0,0,0,0,1,0,0,0,1,0,0,1,0,0
32,1,2,3,4,0,1,4,1,2,9,1136000,4,0,0,2,1,1,0,0,0,0,0,0,1,0,0,0,0,0,1,0,0,1,0,0,0,0,1,0,0,1,0,0,0
23,0,1,4,1,2,1,1,0,0,9,1236000,1,0,0,1,0,0,0,1,0,0,0,1,0,0,0,0,0,0,1,0,0,1,0,0,0,0,0,1,0,0,0,1,0
29,0,1,2,2,3,0,1,1,2,9,959000,1,0,0,1,1,0,1,0,1,0,0,0,0,0,0,0,0,0,1,0,0,1,0,0,0,1,0,0,0,0,0,1,0
38,1,1,4,0,1,1,0,0,0,18,3229000,2,0,0,1,0,0,1,0,0,0,0,0,0,0,0,0,1,0,1,0,1,0,0,0,0,0,1,0,0,1,0,0,0
28,1,1,2,2,3,1,1,0,1,12,6199000,4,0,0,2,1,0,0,1,0,0,0,0,0,1,0,0,0,0,1,0,0,1,0,0,1,0,0,0,0,0,0,0,1
46,1,1,4,4,0,1,3,0,0,10,727000,4,0,0,1,0,1,0,0,0,0,0,0,1,0,0,0,0,0,1,0,0,1,0,0,0,0,1,0,0,0,0,1,0
23,1,1,2,1,2,1,1,1,2,24,1246000,4,0,0,1,1,0,1,0,0,0,0,0,0,0,1,0,0,0,0,1,0,0,0,1,0,0,0,1,0,0,0,1,0
49,1,1,4,4,0,1,0,0,0,12,2331000,1,1,0,1,0,0,1,0,0,0,0,0,0,1,0,0,0,0,1,0,0,1,0,0,0,0,0,1,0,1,0,0,0
26,1,1,2,2,3,1,1,0,0,36,4463000,4,0,0,2,1,0,1,0,0,0,0,0,0,1,0,0,0,0,1,0,1,0,0,0,0,1,0,0,0,0,1,0,0
28,1,1,2,2,3,1,1,0,0,12,776000,4,0,0,1,0,0,1,0,0,0,0,0,0,1,0,0,0,0,1,0,0,1,0,0,0,0,0,1,0,0,0,1,0
23,0,1,4,3,4,1,1,0,1,30,2406000,4,0,0,1,1,0,0,1,1,0,0,0,0,0,0,0,0,0,1,0,0,1,0,0,0,0,0,1,0,0,0,1,0
61,1,1,4,2,3,1,0,1,2,18,1239000,4,0,0,1,0,1,0,0,0,0,0,0,1,0,0,0,0,0,1,0,0,1,0,0,0,0,1,0,0,0,0,1,0
37,1,1,3,4,0,1,0,2,0,12,3399000,2,0,0,1,0,0,1,0,0,0,0,0,0,1,0,0,0,0,1,0,1,0,0,0,0,1,0,0,0,0,0,1,0
36,0,1,2,2,3,1,1,2,0,12,2247000,2,0,0,2,0,0,1,0,0,0,0,0,0,0,1,0,0,0,0,1,0,1,0,0,0,1,0,0,0,0,1,0,0
21,1,1,2,2,3,1,1,0,0,6,1766000,1,0,0,1,0,0,0,1,1,0,0,0,0,0,0,0,0,0,1,0,0,1,0,0,1,0,0,0,0,0,0,1,0
25,1,1,1,0,1,1,1,0,1,18,2473000,4,0,0,1,1,0,1,0,1,0,0,0,0,0,0,0,0,0,1,0,0,0,1,0,0,1,0,0,0,0,0,1,0
36,1,1,4,3,4,1,1,0,0,12,1542000,2,0,0,1,0,0,1,0,0,1,0,0,0,0,0,0,0,0,1,0,0,1,0,0,0,1,0,0,0,0,0,1,0
27,1,1,1,3,4,1,1,0,0,18,3850000,3,0,0,2,0,0,1,0,0,0,0,0,0,0,0,0,1,0,1,0,0,1,0,0,0,1,0,0,0,1,0,0,0
22,0,1,4,1,2,1,1,0,1,18,3650000,1,0,0,1,0,0,0,1,1,0,0,0,0,0,0,0,0,0,1,0,0,1,0,0,0,1,0,0,0,0,0,1,0
42,1,2,2,4,0,1,1,0,1,36,3446000,4,0,0,1,1,0,1,0,1,0,0,0,0,0,0,0,0,0,1,0,0,1,0,0,0,1,0,0,0,0,0,1,0
40,0,1,4,3,4,1,1,1,2,18,3001000,2,0,0,1,0,0,0,1,1,0,0,0,0,0,0,0,0,0,1,0,0,1,0,0,0,0,0,1,0,0,0,1,0
36,1,1,4,2,3,1,0,0,0,36,3079000,4,0,0,1,0,0,1,0,0,0,0,0,0,0,1,0,0,0,1,0,0,1,0,0,0,0,0,1,0,0,0,1,0
33,1,1,4,4,0,1,1,0,0,18,6070000,3,0,0,2,0,0,1,0,0,0,0,0,0,1,0,0,0,0,1,0,0,1,0,0,0,1,0,0,0,1,0,0,0
23,0,1,3,1,2,1,1,0,0,10,2146000,1,0,0,2,0,0,0,1,1,0,0,0,0,0,0,0,0,0,1,0,0,1,0,0,0,0,0,1,0,1,0,0,0
63,1,1,4,4,0,1,0,0,0,60,13756000,2,0,0,1,0,1,0,0,0,0,0,0,0,0,1,0,0,1,0,0,1,0,0,0,0,0,1,0,0,1,0,0,0
60,0,1,4,4,0,1,2,1,2,60,14782000,3,0,0,2,1,1,0,0,0,0,0,0,0,0,0,0,0,1,0,0,1,0,0,0,0,0,1,0,1,0,0,0,0
37,0,1,4,3,4,1,1,0,1,48,7685000,2,0,1,1,1,0,0,1,0,1,0,0,0,0,0,0,0,0,1,0,0,1,0,0,0,1,0,0,1,0,0,0,0
34,1,1,3,0,1,1,1,0,0,18,2320000,2,0,0,2,0,0,1,0,0,0,0,0,0,1,0,0,0,0,1,0,0,1,0,0,0,0,0,1,0,0,1,0,0
36,1,1,4,4,0,1,0,0,0,7,846000,3,0,0,1,0,1,0,0,0,0,0,0,0,1,0,0,0,0,1,0,0,1,0,0,0,0,1,0,0,0,1,0,0
57,1,1,2,4,0,1,1,1,2,36,14318000,4,0,0,1,1,1,0,0,0,0,0,0,0,0,1,0,0,0,1,0,1,0,0,0,0,0,1,0,0,0,0,1,0
52,0,1,4,2,3,1,2,0,0,6,362000,4,0,0,2,0,0,1,0,0,0,0,0,0,0,1,0,0,0,1,0,0,0,0,1,0,1,0,0,0,1,0,0,0
39,1,1,4,3,4,1,0,0,1,20,2212000,4,0,0,1,0,0,1,0,1,0,0,0,0,0,0,0,0,0,1,0,0,1,0,0,0,1,0,0,0,0,0,1,0
38,0,1,4,0,1,1,1,1,2,18,12976000,3,0,0,1,1,1,0,0,0,0,0,0,0,0,0,0,1,0,1,0,1,0,0,0,0,0,1,0,0,0,0,1,0
25,0,1,4,3,4,1,0,0,0,22,1283000,4,0,0,1,0,0,0,1,0,0,0,0,0,0,1,0,0,0,1,0,0,1,0,0,1,0,0,0,0,0,0,1,0
26,1,1,1,1,2,1,1,2,0,12,1330000,4,0,0,1,0,0,1,0,0,0,0,0,0,0,1,0,0,0,1,0,0,1,0,0,0,0,0,1,0,0,0,1,0
26,1,1,2,2,3,1,2,0,0,30,4272000,2,0,0,2,0,0,1,0,0,1,0,0,0,0,0,0,0,0,1,0,0,0,0,1,1,0,0,0,0,0,1,0,0
25,0,1,1,2,3,1,1,0,0,18,2238000,2,0,0,2,0,0,1,0,0,0,0,0,0,1,0,0,0,0,1,0,0,1,0,0,0,1,0,0,0,1,0,0,0
21,0,1,2,1,2,1,0,0,0,18,1126000,4,0,0,1,0,0,0,1,0,0,0,0,0,1,0,0,0,0,1,0,0,1,0,0,0,0,0,1,0,0,0,1,0
40,1,1,4,0,1,1,1,1,2,18,7374000,4,0,0,2,0,0,1,0,1,0,0,0,0,0,0,0,0,0,0,1,1,0,0,0,1,0,0,0,0,1,0,0,0
27,1,1,4,2,3,1,3,1,2,15,2326000,2,0,0,1,0,0,1,0,0,1,0,0,0,0,0,0,0,1,0,0,0,1,0,0,0,1,0,0,0,1,0,0,0
27,0,1,2,3,4,1,1,0,0,9,1449000,3,0,0,2,0,0,1,0,0,1,0,0,0,0,0,0,0,0,1,0,0,1,0,0,0,1,0,0,0,0,0,1,0
30,1,1,2,2,3,1,1,0,0,18,1820000,2,0,0,1,0,0,1,0,0,0,0,0,0,0,1,0,0,0,1,0,1,0,0,0,1,0,0,0,0,0,0,1,0
19,0,1,4,1,2,1,4,1,2,12,983000,1,0,0,1,0,0,0,1,1,0,0,0,0,0,0,0,0,0,1,0,0,0,0,1,0,0,0,1,0,0,0,1,0
39,1,2,4,3,4,1,1,0,1,36,3249000,2,0,0,1,0,1,0,0,0,0,0,0,0,0,1,0,0,1,0,0,1,0,0,0,0,0,1,0,0,0,0,1,0
31,0,1,4,3,4,1,1,0,1,6,1957000,1,0,0,1,0,0,1,0,0,0,0,0,0,1,0,0,0,0,1,0,0,1,0,0,0,1,0,0,0,1,0,0,0
31,1,1,3,0,1,1,1,0,0,9,2406000,2,0,0,1,0,0,1,0,1,0,0,0,0,0,0,0,0,0,1,0,1,0,0,0,0,1,0,0,0,1,0,0,0
32,1,1,3,3,4,1,2,1,2,39,11760000,2,0,0,1,0,0,0,1,0,0,0,0,1,0,0,0,0,0,1,0,0,1,0,0,0,0,1,0,0,0,1,0,0
55,0,1,4,0,1,1,1,0,1,12,2578000,3,0,0,1,0,1,0,0,1,0,0,0,0,0,0,0,0,0,1,0,1,0,0,0,0,0,1,0,0,0,0,1,0
46,1,1,2,2,3,1,1,0,1,36,2348000,3,0,0,2,0,0,1,0,1,0,0,0,0,0,0,0,0,0,1,0,0,1,0,0,1,0,0,0,0,1,0,0,0
46,1,1,1,4,0,1,1,1,2,12,1223000,1,0,0,2,1,0,0,1,0,0,0,0,0,0,1,0,0,0,1,0,0,1,0,0,0,0,0,1,0,0,0,1,0
43,0,1,1,2,3,1,4,0,0,24,1516000,4,0,0,2,0,0,1,0,0,0,0,0,0,1,0,0,0,0,1,0,0,0,0,1,0,0,0,1,0,1,0,0,0
39,1,1,4,1,2,1,1,0,0,18,1473000,3,0,0,1,0,0,1,0,0,0,0,0,0,1,0,0,0,0,1,0,0,1,0,0,0,0,0,1,0,0,0,1,0
28,1,1,4,2,3,1,0,1,2,18,1887000,4,0,0,2,0,0,1,0,0,1,0,0,0,0,0,0,0,1,0,0,0,1,0,0,0,0,0,1,0,1,0,0,0
27,1,1,2,1,2,1,1,0,0,24,8648000,2,0,0,2,1,0,1,0,0,1,0,0,0,0,0,0,0,1,0,0,0,1,0,0,0,1,0,0,0,0,1,0,0
27,1,1,2,2,3,1,1,0,0,14,802000,4,0,0,2,0,0,1,0,0,0,0,0,0,0,1,0,0,0,1,0,0,0,0,1,0,1,0,0,0,0,1,0,0
43,1,2,4,4,0,1,0,1,2,18,2899000,4,0,0,1,0,0,1,0,0,0,0,0,0,0,1,0,0,0,1,0,0,1,0,0,0,1,0,0,0,0,1,0,0
22,1,1,1,1,2,1,1,1,2,24,2039000,1,0,0,1,1,0,1,0,0,0,0,0,0,1,0,0,0,0,1,0,0,1,0,0,1,0,0,0,0,0,0,1,0
43,1,2,4,3,4,1,0,0,0,24,2197000,4,0,0,2,0,0,1,0,0,0,0,0,0,0,0,0,1,0,1,0,0,1,0,0,0,1,0,0,0,1,0,0,0
27,1,1,2,1,2,0,1,0,1,15,1053000,4,0,0,1,0,0,1,0,0,0,0,0,0,1,0,0,0,0,1,0,0,1,0,0,0,0,0,1,0,0,0,1,0
26,1,1,2,4,0,1,3,0,0,24,3235000,3,0,0,1,0,0,1,0,0,0,0,0,0,1,0,0,0,0,1,0,1,0,0,0,0,1,0,0,0,0,0,1,0
28,1,1,2,3,4,1,3,2,0,12,939000,4,0,0,3,1,0,1,0,0,0,0,0,0,0,1,0,0,0,1,0,0,1,0,0,0,0,0,1,0,1,0,0,0
20,0,1,4,4,0,1,1,1,2,24,1967000,4,0,0,1,0,0,1,0,0,0,0,0,0,1,0,0,0,0,1,0,0,1,0,0,0,1,0,0,0,0,0,1,0
35,1,1,2,3,4,1,1,0,0,33,7253000,3,0,0,2,0,0,1,0,0,0,0,0,0,0,0,0,1,0,1,0,1,0,0,0,0,1,0,0,0,1,0,0,0
42,1,1,2,0,1,1,1,0,0,12,2292000,4,0,0,2,1,0,1,0,0,1,0,0,0,0,0,0,0,0,0,1,1,0,0,0,0,1,0,0,0,1,0,0,0
40,1,2,2,2,3,0,3,0,0,10,1597000,3,0,0,1,0,0,0,1,0,0,0,0,0,0,1,0,0,0,1,0,0,0,0,1,0,0,1,0,0,0,0,1,0
35,0,1,2,2,3,1,0,0,1,24,1381000,4,0,0,1,1,0,1,0,0,0,0,0,0,0,1,0,0,0,1,0,0,1,0,0,1,0,0,0,0,0,0,1,0
35,1,2,2,4,0,1,1,0,0,36,5842000,2,0,0,2,0,0,1,0,0,0,0,0,0,0,0,0,1,0,1,0,0,1,0,0,1,0,0,0,0,1,0,0,0
33,1,2,1,1,2,1,1,0,1,12,2579000,4,0,0,1,1,0,1,0,0,0,0,0,0,0,1,0,0,0,1,0,0,0,0,1,0,0,0,1,0,0,0,1,0
23,0,1,2,2,3,1,0,0,1,18,8471000,1,0,0,2,0,0,0,1,0,0,0,0,1,0,0,0,0,0,1,0,0,1,0,0,0,1,0,0,0,0,1,0,0
31,0,1,2,3,4,1,3,0,0,21,2782000,1,0,0,1,0,0,1,0,0,0,0,0,0,0,1,0,0,1,0,0,1,0,0,0,0,1,0,0,0,0,0,1,0
33,0,1,2,2,3,1,0,1,2,18,1042000,4,0,0,1,1,0,1,0,0,0,0,0,0,0,1,0,0,0,1,0,0,1,0,0,1,0,0,0,0,0,0,1,0
20,0,1,3,3,4,1,4,0,0,15,3186000,2,0,0,1,0,0,0,1,0,0,0,0,0,0,1,0,0,0,1,0,0,1,0,0,0,1,0,0,0,0,0,1,0
30,1,1,2,2,3,1,0,1,2,12,2028000,4,0,0,1,0,0,1,0,0,0,0,0,0,0,0,0,1,0,1,0,0,1,0,0,0,1,0,0,0,0,0,1,0
47,1,2,3,3,4,1,1,1,2,12,958000,2,0,0,2,0,0,1,0,0,0,0,0,0,0,1,0,0,0,1,0,0,0,0,1,0,0,0,1,0,1,0,0,0
34,1,1,3,3,4,1,2,0,0,21,1591000,4,0,0,2,0,0,1,0,1,0,0,0,0,0,0,0,0,0,1,0,1,0,0,0,0,0,0,1,0,0,1,0,0
25,0,1,2,4,0,1,0,1,2,12,2762000,1,0,0,1,1,0,1,0,1,0,0,0,0,0,0,0,0,1,0,0,0,1,0,0,1,0,0,0,0,0,0,1,0
21,1,1,3,2,3,1,1,1,2,18,2779000,1,0,0,1,0,0,0,1,0,0,0,0,0,0,0,0,1,0,1,0,0,1,0,0,0,1,0,0,0,0,0,1,0
29,1,1,2,4,0,1,1,0,0,28,2743000,4,0,0,2,0,0,1,0,0,0,0,0,0,1,0,0,0,0,1,0,0,1,0,0,0,1,0,0,0,1,0,0,0
46,1,1,3,2,3,1,4,0,0,18,1149000,4,0,0,2,0,0,1,0,0,0,0,0,0,1,0,0,0,0,1,0,0,1,0,0,0,0,0,1,0,1,0,0,0
20,1,1,4,4,0,1,1,0,0,9,1313000,1,0,0,1,0,0,1,0,1,0,0,0,0,0,0,0,0,0,1,0,0,1,0,0,0,1,0,0,0,0,0,1,0
55,0,2,4,0,1,1,1,0,1,18,1190000,2,0,0,3,1,1,0,0,0,0,0,0,0,0,0,1,0,0,1,0,0,0,1,0,0,0,1,0,0,1,0,0,0
74,1,1,4,3,4,1,1,0,0,5,3448000,1,0,0,1,0,0,1,0,0,1,0,0,0,0,0,0,0,0,1,0,0,0,0,1,0,0,0,1,0,0,0,1,0
29,1,1,3,2,3,1,1,1,2,24,11328000,2,1,0,2,1,0,1,0,0,0,0,0,0,0,0,0,0,1,0,0,1,0,0,0,0,1,0,0,0,0,0,1,0
36,1,1,4,0,1,1,1,0,1,6,1872000,4,0,0,3,0,1,0,0,1,0,0,0,0,0,0,0,0,0,1,0,1,0,0,0,0,0,1,0,0,1,0,0,0
33,1,1,2,2,3,1,1,0,0,24,2058000,4,0,0,2,0,0,1,0,0,0,0,0,0,0,0,1,0,0,1,0,0,1,0,0,0,0,0,1,0,1,0,0,0
25,1,1,2,2,3,1,1,0,1,9,2136000,3,0,0,1,0,0,1,0,1,0,0,0,0,0,0,0,0,0,1,0,0,1,0,0,0,0,0,1,0,0,0,1,0
25,1,1,1,2,3,1,0,1,2,12,1484000,2,0,0,1,1,0,1,0,0,0,0,0,0,1,0,0,0,0,1,0,0,1,0,0,0,0,0,1,0,0,0,1,0
23,1,1,4,3,4,1,3,0,0,6,660000,2,0,0,1,0,0,0,1,0,0,0,0,0,0,0,1,0,0,1,0,0,0,0,1,0,0,0,1,0,0,0,1,0
37,0,1,4,4,0,1,4,0,0,24,1287000,4,0,0,2,0,0,1,0,0,0,0,0,0,0,1,0,0,0,1,0,0,1,0,0,0,0,0,1,0,1,0,0,0
65,1,1,4,0,1,1,1,0,1,42,3394000,4,1,0,2,0,0,1,0,0,0,0,0,0,0,0,1,0,0,1,0,0,0,1,0,0,1,0,0,0,1,0,0,0
26,0,1,1,1,2,1,1,2,0,12,609000,4,0,0,1,1,0,1,0,0,1,0,0,0,0,0,0,0,0,1,0,0,0,1,0,0,0,0,1,1,0,0,0,0
39,1,1,4,4,0,1,1,0,0,12,1884000,4,0,0,1,0,0,1,0,0,0,0,0,0,0,1,0,0,0,1,0,1,0,0,0,0,1,0,0,0,0,0,1,0
30,0,1,3,2,3,1,1,0,1,12,1620000,2,1,0,1,0,0,1,0,1,0,0,0,0,0,0,0,0,0,1,0,0,1,0,0,1,0,0,0,0,0,0,1,0
29,1,1,3,2,3,1,1,1,2,20,2629000,2,0,0,2,0,0,1,0,0,0,0,0,0,0,0,0,0,1,0,0,0,1,0,0,0,1,0,0,0,0,1,0,0
41,1,2,4,4,0,1,1,0,0,12,719000,4,0,0,1,1,0,1,0,0,0,0,0,1,0,0,0,0,1,0,0,0,0,0,1,0,1,0,0,0,0,0,1,0
30,0,1,3,2,3,1,1,1,2,48,5096000,2,0,0,1,1,0,1,0,1,0,0,0,0,0,0,0,0,0,1,0,1,0,0,0,0,1,0,0,0,1,0,0,0
41,0,1,4,4,0,1,0,0,0,9,1244000,4,0,0,2,0,0,0,1,0,0,0,0,1,0,0,0,0,0,1,0,0,0,0,1,1,0,0,0,0,1,0,0,0
34,0,1,4,1,2,1,1,0,1,36,1842000,4,0,0,1,1,0,1,0,0,0,0,0,0,0,1,0,0,0,1,0,0,1,0,0,0,1,0,0,0,0,0,1,0
35,1,1,2,2,3,1,1,1,2,7,2576000,2,0,1,1,0,0,1,0,0,0,0,0,0,1,0,0,0,0,1,0,0,1,0,0,0,0,0,1,0,0,0,1,0
55,0,1,4,4,0,1,0,2,0,12,1424000,3,0,0,1,0,0,1,0,1,0,0,0,0,0,0,0,0,0,1,0,1,0,0,0,0,0,0,1,0,0,0,1,0
61,1,1,3,2,3,1,4,1,2,15,1512000,3,0,0,2,1,0,1,0,0,0,0,0,0,0,0,1,0,0,0,1,0,1,0,0,1,0,0,0,0,0,1,0,0
30,1,1,2,2,3,1,0,0,0,36,11054000,4,0,0,1,0,0,1,0,0,0,0,0,0,0,0,0,1,0,1,0,1,0,0,0,0,1,0,0,0,1,0,0,0
29,0,1,1,2,3,1,1,0,0,6,518000,3,0,0,1,0,0,1,0,0,0,0,0,0,1,0,0,0,0,1,0,0,1,0,0,0,0,0,1,0,0,0,1,0
34,1,1,4,4,0,1,1,0,0,12,2759000,2,0,0,2,0,0,1,0,1,0,0,0,0,0,0,0,0,0,1,0,0,1,0,0,1,0,0,0,0,0,0,0,1
35,1,1,4,4,0,1,1,0,0,24,2670000,4,0,0,1,0,0,1,0,0,0,0,0,0,0,0,0,1,0,1,0,1,0,0,0,0,1,0,0,0,0,0,1,0
31,1,1,3,3,4,1,1,0,1,24,4817000,2,1,0,1,1,0,1,0,0,0,0,0,0,0,1,0,0,0,1,0,0,1,0,0,1,0,0,0,0,0,0,1,0
29,0,1,1,1,2,1,1,0,0,24,2679000,4,0,0,1,0,0,1,0,0,0,0,0,0,0,0,0,1,0,1,0,1,0,0,0,0,0,1,0,0,0,0,1,0
36,1,2,2,2,3,1,1,0,1,11,3905000,2,0,0,2,0,0,0,1,0,0,0,0,0,0,1,0,0,0,1,0,0,1,0,0,0,0,0,1,0,1,0,0,0
35,1,1,4,4,0,1,1,0,1,12,3386000,3,0,0,1,1,1,0,0,0,0,0,0,0,0,0,0,1,0,1,0,0,1,0,0,0,0,1,0,0,0,0,1,0
27,0,1,1,1,2,1,1,0,1,6,343000,4,0,0,1,0,0,1,0,0,0,0,1,0,0,0,0,0,0,1,0,0,1,0,0,0,0,0,1,0,0,0,1,0
32,1,1,2,1,2,1,1,0,0,18,4594000,3,0,0,1,0,0,1,0,0,0,0,0,0,1,0,0,0,0,1,0,0,1,0,0,0,1,0,0,0,0,0,1,0
37,1,2,2,2,3,1,1,0,1,36,3620000,1,0,1,1,0,0,1,0,1,0,0,0,0,0,0,0,0,0,1,0,0,1,0,0,1,0,0,0,0,0,0,1,0
36,1,1,3,1,2,1,1,0,1,15,1721000,2,0,0,1,0,0,1,0,0,0,0,0,0,0,1,0,0,0,1,0,0,1,0,0,0,0,0,1,0,0,0,1,0
34,0,1,1,1,2,1,1,1,2,12,3017000,3,0,0,1,0,0,0,1,1,0,0,0,0,0,0,0,0,0,1,0,1,0,0,0,0,0,0,1,0,0,0,1,0
38,1,1,4,4,0,1,0,1,2,12,754000,4,0,0,2,0,0,1,0,0,0,1,0,0,0,0,0,0,0,1,0,0,1,0,0,1,0,0,0,0,0,0,1,0
34,1,1,1,3,4,1,1,0,0,18,1950000,4,0,0,2,0,0,1,0,0,1,0,0,0,0,0,0,0,0,0,1,0,1,0,0,0,1,0,0,0,0,0,1,0
63,1,2,4,2,3,1,1,0,1,24,2924000,3,0,1,1,0,0,1,0,0,0,0,0,0,0,0,0,1,1,0,0,0,1,0,0,0,0,1,0,0,0,0,1,0
29,0,1,2,1,2,1,1,0,1,24,1659000,4,0,0,1,1,0,0,1,0,0,0,0,0,1,0,0,0,0,1,0,0,0,0,1,0,1,0,0,0,0,1,0,0
32,1,2,3,4,0,1,0,0,0,48,7238000,3,0,0,2,0,0,1,0,0,0,0,0,0,1,0,0,0,1,0,0,0,1,0,0,0,1,0,0,0,0,1,0,0
26,0,1,2,2,3,1,1,0,0,33,2764000,2,0,0,2,0,0,1,0,0,1,0,0,0,0,0,0,0,0,1,0,0,1,0,0,0,1,0,0,0,0,1,0,0
35,1,1,3,3,4,1,1,0,0,24,4679000,3,0,0,2,0,0,1,0,0,0,0,0,0,0,0,0,1,0,1,0,0,0,0,1,0,1,0,0,0,0,1,0,0
22,1,1,2,1,2,1,2,1,2,24,3092000,3,0,0,1,1,0,0,1,0,0,0,0,0,1,0,0,0,0,1,0,0,1,0,0,0,1,0,0,0,0,0,1,0
23,0,1,4,1,2,1,1,0,1,6,448000,4,0,0,1,1,0,1,0,0,0,0,0,1,0,0,0,0,0,1,0,0,1,0,0,1,0,0,0,0,0,0,1,0
28,1,1,3,2,3,1,1,0,1,9,654000,4,0,0,1,1,0,1,0,0,0,0,0,0,0,1,0,0,0,1,0,0,0,0,1,0,1,0,0,0,0,0,1,0
36,1,2,4,0,1,1,0,0,0,6,1238000,4,0,0,1,0,0,1,0,0,0,1,0,0,0,0,0,0,0,1,0,1,0,0,0,1,0,0,0,0,0,0,1,0
33,1,1,2,2,3,1,1,1,2,18,1245000,4,0,0,1,1,0,1,0,0,0,0,0,0,1,0,0,0,0,1,0,0,1,0,0,0,1,0,0,0,1,0,0,0
26,0,1,4,1,2,1,1,0,1,18,3114000,1,0,0,1,1,0,0,1,1,0,0,0,0,0,0,0,0,0,1,0,0,1,0,0,1,0,0,0,0,0,0,0,1
24,1,1,4,2,3,1,3,0,0,39,2569000,4,0,0,1,0,0,1,0,0,0,0,0,0,0,0,0,1,0,1,0,0,1,0,0,0,1,0,0,0,0,0,1,0
25,1,1,2,3,4,1,1,2,0,24,5152000,4,0,0,1,0,0,1,0,0,0,0,0,0,1,0,0,0,1,0,0,0,1,0,0,0,1,0,0,0,0,0,1,0
39,1,1,4,3,4,1,2,1,2,12,1037000,3,0,0,1,0,0,1,0,0,1,0,0,0,0,0,0,0,0,1,0,0,0,0,1,0,0,0,1,0,0,0,1,0
44,1,2,4,4,0,1,1,0,1,15,1478000,4,0,0,2,0,0,1,0,1,0,0,0,0,0,0,0,0,0,1,0,0,1,0,0,0,1,0,0,0,1,0,0,0
23,0,1,1,2,3,1,1,1,2,12,3573000,1,0,0,1,0,0,1,0,0,0,0,0,0,1,0,0,0,0,1,0,0,0,0,1,0,0,0,1,0,1,0,0,0
26,1,1,1,1,2,1,1,1,2,24,1201000,4,0,0,1,0,0,1,0,0,0,0,0,0,0,1,0,0,0,1,0,0,1,0,0,1,0,0,0,0,0,0,1,0
57,0,1,4,4,0,1,4,0,1,30,3622000,4,0,0,2,0,0,0,1,1,0,0,0,0,0,0,0,0,0,1,0,0,1,0,0,1,0,0,0,0,0,0,1,0
30,0,1,2,3,4,1,4,0,0,15,960000,3,0,0,2,0,0,1,0,1,0,0,0,0,0,0,0,0,0,1,0,0,1,0,0,1,0,0,0,0,0,1,0,0
44,1,1,4,2,3,1,3,0,0,12,1163000,4,0,0,1,0,0,1,0,0,0,0,0,0,0,1,0,0,0,1,0,0,1,0,0,0,0,0,1,0,1,0,0,0
47,1,1,4,0,1,1,1,1,2,6,1209000,4,0,0,1,1,0,1,0,0,0,0,0,0,0,1,0,0,0,1,0,1,0,0,0,1,0,0,0,0,0,1,0,0
52,1,1,4,2,3,1,1,0,0,12,3077000,2,0,0,1,0,0,1,0,0,0,0,0,0,1,0,0,0,0,1,0,0,1,0,0,0,1,0,0,0,0,0,1,0
62,0,1,4,4,0,1,1,0,0,24,3757000,4,1,0,1,0,1,0,0,0,0,0,0,0,0,1,0,0,0,1,0,0,1,0,0,0,0,1,0,0,0,0,1,0
35,1,1,2,2,3,0,2,0,0,10,1418000,3,0,0,1,0,0,0,1,0,0,0,0,0,0,1,0,0,0,1,0,0,0,0,1,0,0,0,1,0,0,0,1,0
26,1,1,3,2,3,1,1,0,0,6,3518000,2,0,1,1,0,0,0,1,0,0,0,0,0,0,1,0,0,0,1,0,0,1,0,0,1,0,0,0,0,0,0,1,0
26,1,1,2,4,0,1,1,0,0,12,1934000,2,0,0,2,0,0,1,0,0,0,0,0,0,1,0,0,0,0,1,0,0,1,0,0,0,0,1,0,0,1,0,0,0
42,0,1,4,4,0,1,1,1,2,27,8318000,2,0,0,2,1,1,0,0,0,1,0,0,0,0,0,0,0,0,1,0,1,0,0,0,0,0,1,0,0,0,0,0,1
27,0,1,1,2,3,1,2,0,0,6,1237000,1,0,0,2,0,0,1,0,0,0,0,0,0,1,0,0,0,0,1,0,0,1,0,0,1,0,0,0,0,1,0,0,0
38,1,1,4,4,0,1,0,1,2,6,368000,4,0,0,1,0,0,1,0,0,0,0,0,0,1,0,0,0,0,1,0,0,1,0,0,1,0,0,0,0,0,0,1,0
39,1,2,2,2,3,0,1,0,1,12,2122000,3,0,0,2,0,0,0,1,0,0,0,0,0,0,1,0,0,0,1,0,0,0,0,1,0,0,0,1,0,1,0,0,0
20,1,1,4,2,3,1,0,0,1,24,2996000,2,0,0,1,1,0,1,0,1,0,0,0,0,0,0,0,0,0,1,0,0,1,0,0,0,1,0,0,0,0,0,1,0
29,1,1,1,1,2,1,2,1,2,36,9034000,4,1,0,1,1,0,0,1,1,0,0,0,0,0,0,0,0,0,1,0,1,0,0,0,0,0,1,0,0,0,0,1,0
40,1,1,3,3,4,1,1,0,0,24,1585000,4,0,0,2,0,0,1,0,1,0,0,0,0,0,0,0,0,0,1,0,0,1,0,0,1,0,0,0,0,1,0,0,0
32,1,1,2,4,0,1,1,1,2,18,1301000,4,0,1,1,0,0,1,0,0,0,0,0,0,1,0,0,0,0,1,0,0,0,0,1,0,0,0,1,0,0,0,1,0
28,1,2,4,4,0,1,2,2,0,6,1323000,2,0,0,2,0,0,1,0,0,0,0,0,0,0,1,0,0,0,1,0,0,1,0,0,0,1,0,0,0,1,0,0,0
27,0,1,1,1,2,1,1,0,1,24,3123000,4,0,0,1,1,0,1,0,0,0,0,0,0,0,1,0,0,0,1,0,0,1,0,0,1,0,0,0,0,0,0,1,0
42,1,2,4,4,0,1,1,0,1,36,5493000,2,0,0,1,0,1,0,0,0,0,0,0,0,0,0,0,1,0,1,0,0,1,0,0,0,0,1,0,0,0,0,1,0
49,1,1,4,4,0,1,2,2,0,9,1126000,2,0,0,1,0,0,1,0,0,0,0,0,0,1,0,0,0,0,1,0,0,1,0,0,0,0,0,1,0,0,0,1,0
38,1,2,4,1,2,1,2,1,2,24,1216000,4,0,0,2,1,0,1,0,0,0,0,0,0,1,0,0,0,1,0,0,0,1,0,0,0,0,1,0,0,1,0,0,0
24,0,1,4,1,2,1,1,0,1,24,1207000,4,0,0,1,1,0,0,1,0,0,0,0,0,0,1,0,0,0,1,0,0,1,0,0,1,0,0,0,0,0,0,1,0
27,1,1,4,2,3,1,0,0,0,10,1309000,4,0,1,1,1,0,1,0,0,0,0,0,0,0,1,0,0,0,1,0,0,0,0,1,1,0,0,0,0,0,0,1,0
36,1,1,2,2,3,1,3,2,0,15,2360000,2,0,0,1,0,0,1,0,0,0,0,0,0,0,0,0,1,0,1,0,0,1,0,0,0,1,0,0,0,1,0,0,0
34,1,2,2,0,1,1,2,1,2,15,6850000,1,0,0,1,1,0,1,0,0,0,0,0,0,0,1,0,0,0,1,0,1,0,0,0,1,0,0,0,1,0,0,0,0
28,1,1,2,2,3,1,1,0,0,24,1413000,4,0,0,1,0,0,1,0,0,0,0,0,0,1,0,0,0,0,1,0,0,1,0,0,1,0,0,0,0,0,0,1,0
45,1,1,2,4,0,1,2,0,0,39,8588000,4,0,0,1,0,0,1,0,0,0,0,0,0,0,0,0,1,0,1,0,1,0,0,0,0,1,0,0,0,0,0,1,0
26,1,1,2,3,4,1,1,0,1,12,759000,4,0,0,1,1,0,1,0,0,0,0,0,0,0,1,0,0,0,1,0,0,1,0,0,0,0,0,1,0,0,0,1,0
32,1,1,2,2,3,1,1,0,0,36,4686000,2,0,0,1,0,1,0,0,0,0,0,0,0,0,0,0,1,0,1,0,1,0,0,0,0,0,1,0,0,0,0,1,0
26,1,1,4,3,4,1,1,2,0,15,2687000,2,0,0,1,0,0,0,1,0,1,0,0,0,0,0,0,0,0,1,0,0,1,0,0,1,0,0,0,0,0,0,1,0
20,1,1,4,2,3,1,1,1,2,12,585000,4,1,0,2,0,0,0,1,0,0,0,0,0,1,0,0,0,0,1,0,0,1,0,0,0,0,0,1,0,0,1,0,0
54,1,1,1,1,2,1,0,0,0,24,2255000,4,0,0,1,0,0,1,0,0,0,0,0,0,0,1,0,0,0,1,0,0,1,0,0,1,0,0,0,0,0,0,1,0
37,0,1,3,3,4,0,1,0,1,6,609000,4,0,0,2,0,0,1,0,0,0,0,0,0,0,1,0,0,0,1,0,0,1,0,0,1,0,0,0,0,1,0,0,0
40,1,2,4,1,2,0,1,0,1,6,1361000,2,0,0,1,0,0,1,0,0,0,0,0,0,0,1,0,0,0,1,0,0,0,0,1,0,0,0,1,0,1,0,0,0
23,0,1,4,1,2,1,1,0,0,36,7127000,2,0,0,2,1,0,0,1,1,0,0,0,0,0,0,0,0,0,1,0,0,1,0,0,1,0,0,0,0,1,0,0,0
43,1,1,2,4,0,1,2,0,1,6,1203000,3,0,0,1,0,0,1,0,0,0,0,0,0,0,1,0,0,0,1,0,0,1,0,0,1,0,0,0,0,0,0,1,0
36,1,1,4,4,0,1,0,0,0,6,700000,4,0,0,2,0,1,0,0,0,0,0,0,0,1,0,0,0,0,1,0,0,1,0,0,0,0,1,0,0,1,0,0,0
44,1,1,4,4,0,1,1,0,0,24,5507000,3,0,0,2,0,1,0,0,0,0,0,0,0,0,0,1,0,0,1,0,0,1,0,0,0,0,1,0,0,1,0,0,0
24,0,1,2,2,3,1,1,0,1,18,3190000,2,0,0,1,1,0,1,0,0,0,0,0,0,1,0,0,0,0,1,0,0,1,0,0,0,0,0,1,0,0,0,1,0
53,1,2,4,2,3,1,1,0,1,48,7119000,3,0,0,2,1,1,0,0,1,0,0,0,0,0,0,0,0,0,1,0,0,1,0,0,0,0,1,0,0,0,0,0,1
23,0,1,4,3,4,1,2,0,0,24,3488000,3,0,0,1,0,0,1,0,0,0,0,0,0,0,0,0,1,0,1,0,0,1,0,0,0,1,0,0,0,0,0,1,0
26,0,2,4,2,3,1,1,1,2,18,1113000,4,0,1,1,0,0,1,0,0,0,0,0,0,1,0,0,0,0,1,0,0,0,0,1,0,0,0,1,0,0,0,1,0
30,1,1,3,1,2,1,1,1,2,26,7966000,2,0,0,2,0,0,1,0,0,0,0,0,0,0,0,0,1,0,1,0,0,1,0,0,0,1,0,0,0,0,0,1,0
31,0,1,3,2,3,1,2,0,0,15,1532000,4,0,0,1,0,0,1,0,0,0,0,0,1,0,0,0,0,0,1,0,0,1,0,0,0,1,0,0,0,1,0,0,0
42,1,2,1,3,4,1,1,0,0,4,1503000,2,0,0,2,0,0,1,0,0,0,0,0,0,1,0,0,0,0,1,0,0,0,0,1,0,0,0,1,0,1,0,0,0
31,1,1,4,2,3,1,1,0,1,36,2302000,4,0,0,1,1,0,0,1,0,0,0,0,0,1,0,0,0,0,1,0,0,1,0,0,0,1,0,0,0,0,0,1,0
41,1,2,4,1,2,1,1,0,1,6,662000,3,0,0,1,0,0,1,0,0,0,0,0,0,0,1,0,0,0,1,0,0,0,0,1,0,0,0,1,0,0,0,1,0
32,1,2,1,3,4,1,1,1,2,36,2273000,3,0,0,2,0,0,1,0,0,0,0,0,1,0,0,0,0,0,1,0,0,1,0,0,0,1,0,0,0,0,0,1,0
28,0,1,4,2,3,1,2,1,2,15,2631000,2,0,0,2,1,0,0,1,0,0,0,0,0,0,1,0,0,0,1,0,0,1,0,0,0,1,0,0,0,0,0,1,0
41,1,1,4,2,3,1,1,0,0,12,1503000,4,0,0,1,0,0,0,1,0,0,0,0,0,0,0,0,1,0,1,0,0,1,0,0,0,0,0,1,0,0,1,0,0
26,1,1,3,3,4,1,2,0,0,24,1311000,4,0,0,1,0,0,1,0,0,0,0,0,0,1,0,0,0,0,1,0,0,1,0,0,1,0,0,0,0,0,0,1,0
25,1,1,2,1,2,1,0,0,0,24,3105000,4,0,0,2,0,0,1,0,0,0,0,0,0,1,0,0,0,0,1,0,0,1,0,0,0,1,0,0,0,0,0,1,0
33,1,1,1,1,2,1,1,2,0,21,2319000,2,0,0,1,1,0,0,1,0,0,0,0,1,0,0,0,0,0,1,0,0,1,0,0,0,1,0,0,0,1,0,0,0
75,0,1,3,0,1,1,0,0,1,6,1374000,4,0,0,1,0,0,1,0,0,0,0,0,0,0,1,0,0,0,1,0,1,0,0,0,1,0,0,0,0,0,0,1,0
37,0,1,4,4,0,1,1,1,2,18,3612000,3,0,0,1,0,0,1,0,1,0,0,0,0,0,0,0,0,0,1,0,0,1,0,0,1,0,0,0,0,1,0,0,0
42,1,1,4,4,0,1,1,0,1,48,7763000,4,0,0,1,1,1,0,0,0,0,0,0,0,0,1,0,0,1,0,0,1,0,0,0,0,0,1,0,0,0,0,1,0
45,0,1,1,1,2,1,1,2,0,18,3049000,1,0,0,1,0,0,1,0,1,0,0,0,0,0,0,0,0,0,0,1,0,0,0,1,1,0,0,0,0,0,0,1,0
23,1,1,1,1,2,1,1,1,2,12,1534000,1,0,0,1,1,0,0,1,0,0,0,0,0,1,0,0,0,0,1,0,0,1,0,0,0,0,0,1,0,0,0,1,0
60,1,1,4,4,0,1,1,0,0,24,2032000,4,0,0,2,0,1,0,0,0,0,0,0,0,0,1,0,0,0,1,0,0,1,0,0,0,0,1,0,0,0,1,0,0
31,1,1,4,4,0,1,0,0,1,30,6350000,4,0,0,1,1,0,1,0,1,0,0,0,0,0,0,0,0,0,1,0,0,1,0,0,1,0,0,0,0,0,0,1,0
34,1,2,1,2,3,1,1,2,0,18,2864000,2,0,0,1,1,0,1,0,1,0,0,0,0,0,0,0,0,0,1,0,0,0,0,1,0,0,0,1,0,0,0,1,0
61,1,1,4,4,0,1,1,0,0,12,1255000,4,0,0,2,0,0,1,0,0,0,0,0,0,0,1,0,0,0,1,0,0,0,0,1,0,0,0,1,0,1,0,0,0
43,1,2,2,0,1,1,1,0,1,24,1333000,4,0,0,2,1,1,0,0,0,0,0,0,0,0,1,0,0,0,1,0,0,1,0,0,0,0,0,1,0,0,1,0,0
37,0,1,4,2,3,1,1,0,0,24,2022000,4,0,0,1,0,0,1,0,0,0,0,0,0,0,1,0,0,0,1,0,0,1,0,0,0,1,0,0,0,1,0,0,0
32,1,2,1,3,4,1,1,0,0,24,1552000,3,0,0,1,0,0,1,0,0,0,0,0,0,1,0,0,0,1,0,0,0,1,0,0,0,1,0,0,0,0,0,1,0
24,0,1,4,2,3,1,1,0,1,12,626000,4,0,0,1,1,0,1,0,0,0,0,0,0,1,0,0,0,1,0,0,0,0,0,1,0,0,0,1,1,0,0,0,0
35,1,1,1,3,4,1,0,0,0,48,8858000,2,0,0,2,0,1,0,0,0,0,0,0,0,0,0,0,1,0,1,0,0,1,0,0,0,0,1,0,0,1,0,0,0
23,0,1,4,3,4,1,0,0,0,12,996000,4,0,0,2,0,0,1,0,0,0,0,0,0,0,0,1,0,0,1,0,0,1,0,0,0,0,0,1,0,1,0,0,0
45,1,2,4,4,0,1,3,0,0,6,1750000,2,0,0,1,0,0,1,0,0,0,0,0,0,1,0,0,0,1,0,0,0,0,0,1,1,0,0,0,1,0,0,0,0
34,1,1,1,3,4,1,1,0,1,48,6999000,1,0,1,2,1,0,1,0,0,0,0,0,0,1,0,0,0,0,1,0,0,1,0,0,0,0,0,1,0,0,0,1,0
27,1,1,1,1,2,1,2,1,2,12,1995000,4,0,0,1,0,0,1,0,0,0,0,0,0,0,1,0,0,0,1,0,0,1,0,0,0,1,0,0,0,1,0,0,0
67,0,1,4,3,4,1,1,1,2,9,1199000,4,0,0,2,0,0,1,0,0,0,0,0,1,0,0,0,0,0,1,0,1,0,0,0,1,0,0,0,0,0,0,1,0
22,1,1,1,1,2,1,1,1,2,12,1331000,2,0,0,1,1,0,1,0,0,0,0,0,0,1,0,0,0,0,0,1,0,1,0,0,0,1,0,0,0,0,0,1,0
28,0,1,3,1,2,1,2,1,2,18,2278000,3,0,0,2,1,0,1,0,0,0,0,0,0,0,1,0,0,0,1,0,0,1,0,0,0,1,0,0,0,0,0,0,1
29,0,1,4,2,3,1,0,0,0,21,5003000,1,0,0,2,1,0,1,0,0,0,0,0,0,0,1,0,0,1,0,0,0,1,0,0,1,0,0,0,0,0,0,0,1
27,1,1,4,3,4,1,1,0,1,24,3552000,3,0,0,1,1,0,1,0,1,0,0,0,0,0,0,0,0,1,0,0,0,1,0,0,0,1,0,0,1,0,0,0,0
31,1,1,2,1,2,1,1,1,2,18,1928000,2,0,0,2,1,0,1,0,1,0,0,0,0,0,0,0,0,0,1,0,0,0,0,1,0,0,0,1,0,1,0,0,0
49,1,2,4,4,0,1,0,0,1,24,2964000,4,0,0,1,0,1,0,0,0,0,0,0,0,0,0,0,1,1,0,0,0,1,0,0,0,0,1,0,0,0,0,1,0
24,1,1,4,3,4,1,1,0,1,24,1546000,4,0,1,1,1,0,0,1,0,0,0,0,0,1,0,0,0,1,0,0,0,0,0,1,0,1,0,0,1,0,0,0,0
29,0,1,1,1,2,1,1,2,0,6,683000,2,0,0,1,0,0,1,0,0,0,0,0,0,1,0,0,0,1,0,0,0,1,0,0,1,0,0,0,0,0,1,0,0
37,1,1,4,2,3,1,0,1,2,36,12389000,1,0,0,1,1,1,0,0,0,0,0,0,0,0,1,0,0,0,1,0,0,1,0,0,0,0,1,0,0,0,0,1,0
37,1,1,2,2,3,1,0,1,2,24,4712000,4,0,0,2,0,0,1,0,0,1,0,0,0,0,0,0,0,1,0,0,1,0,0,0,1,0,0,0,0,0,1,0,0
23,0,1,2,3,4,1,2,1,2,24,1553000,3,0,0,2,0,0,0,1,0,0,0,0,0,1,0,0,0,0,1,0,0,1,0,0,1,0,0,0,0,0,1,0,0
36,1,1,3,3,4,1,1,0,1,12,1372000,2,0,0,1,1,0,1,0,0,0,0,0,0,0,1,0,0,0,1,0,0,1,0,0,0,1,0,0,0,0,0,1,0
34,1,1,2,4,0,1,4,0,0,24,2578000,2,0,0,1,0,0,1,0,0,0,0,0,0,1,0,0,0,0,1,0,0,1,0,0,0,1,0,0,0,1,0,0,0
41,1,2,1,3,4,1,0,1,2,48,3979000,4,0,0,2,0,0,1,0,0,0,0,0,0,1,0,0,0,0,1,0,0,1,0,0,0,1,0,0,0,0,0,1,0
31,0,1,2,2,3,1,1,0,1,48,6758000,3,0,0,1,1,0,1,0,0,0,0,0,0,1,0,0,0,0,1,0,0,1,0,0,0,1,0,0,0,0,0,1,0
23,0,1,4,1,2,1,1,0,1,24,3234000,4,0,0,1,1,0,0,1,1,0,0,0,0,0,0,0,0,0,1,0,0,0,0,1,0,0,0,1,0,0,0,1,0
38,1,1,2,3,4,1,1,0,0,30,5954000,3,1,0,1,0,0,1,0,0,0,0,0,0,1,0,0,0,0,1,0,0,1,0,0,0,1,0,0,0,1,0,0,0
26,0,1,4,0,1,1,0,0,0,24,5433000,2,0,0,1,0,0,0,1,0,0,0,0,0,0,0,0,1,0,1,0,1,0,0,0,1,0,0,0,0,0,0,1,0
22,0,1,4,2,3,1,1,0,1,15,806000,4,0,0,1,0,0,1,0,0,1,0,0,0,0,0,0,0,0,1,0,0,0,0,1,1,0,0,0,0,0,0,1,0
27,1,1,4,4,0,1,1,1,2,9,1082000,4,0,0,2,0,0,1,0,0,0,0,0,0,1,0,0,0,0,1,0,0,0,0,1,0,1,0,0,0,0,0,1,0
24,0,1,3,3,4,1,1,0,0,15,2788000,2,1,0,2,0,0,1,0,1,0,0,0,0,0,0,0,0,1,0,0,0,1,0,0,0,1,0,0,0,1,0,0,0
27,0,1,1,3,4,1,1,1,2,12,2930000,2,0,0,1,0,0,1,0,0,0,0,0,0,1,0,0,0,0,1,0,0,1,0,0,0,0,0,1,0,0,0,1,0
33,0,1,2,2,3,1,0,0,0,24,1927000,3,0,0,2,0,0,1,0,0,0,0,0,1,0,0,0,0,0,1,0,0,1,0,0,0,1,0,0,0,1,0,0,0
27,1,1,4,1,2,1,1,1,2,36,2820000,4,0,0,2,1,0,1,0,0,0,0,0,0,0,1,0,0,0,1,0,0,1,0,0,0,1,0,0,0,1,0,0,0
27,1,1,3,1,2,1,1,0,0,24,937000,4,0,0,2,0,0,1,0,0,0,1,0,0,0,0,0,0,0,1,0,0,0,0,1,0,1,0,0,0,0,0,1,0
30,1,1,3,4,0,1,1,1,2,18,1056000,3,0,1,2,1,0,1,0,0,0,0,0,0,0,1,0,0,1,0,0,0,1,0,0,0,0,0,1,0,1,0,0,0
49,1,2,3,1,2,1,1,1,2,12,3124000,1,0,0,2,0,0,1,0,0,0,0,0,0,0,1,0,0,1,0,0,0,0,0,1,0,0,0,1,0,1,0,0,0
26,0,1,2,2,3,1,1,0,0,9,1388000,4,0,0,1,0,0,0,1,1,0,0,0,0,0,0,0,0,0,1,0,0,1,0,0,0,0,0,1,0,0,0,1,0
33,1,1,1,1,2,1,1,1,2,36,2384000,4,0,0,1,1,0,0,1,0,0,0,0,0,0,0,1,0,0,1,0,0,0,0,1,0,0,1,0,0,0,0,1,0
52,0,1,4,4,0,1,0,0,0,12,2133000,4,0,0,1,0,1,0,0,0,0,0,0,0,0,1,0,0,0,1,0,1,0,0,0,0,0,1,0,0,0,0,1,0
20,0,1,4,2,3,1,1,0,1,18,2039000,1,0,0,1,1,0,0,1,1,0,0,0,0,0,0,0,0,1,0,0,0,1,0,0,0,0,0,1,0,0,0,1,0
36,1,2,2,2,3,1,1,0,1,9,2799000,2,0,0,2,0,0,0,1,0,0,0,0,0,0,1,0,0,0,1,0,0,1,0,0,0,0,0,1,0,1,0,0,0
21,1,1,1,2,3,1,1,0,1,12,1289000,4,0,1,1,0,0,1,0,1,0,0,0,0,0,0,0,0,0,1,0,0,0,0,1,1,0,0,0,0,0,0,1,0
47,1,1,3,2,3,1,1,0,1,18,1217000,4,0,0,1,1,0,1,0,0,0,0,1,0,0,0,0,0,0,1,0,0,0,0,1,0,0,0,1,0,0,0,1,0
60,1,1,3,4,0,1,1,0,1,12,2246000,3,0,0,2,1,0,1,0,1,0,0,0,0,0,0,0,0,0,1,0,0,1,0,0,1,0,0,0,0,1,0,0,0
58,0,1,3,3,4,1,1,0,1,12,385000,4,0,0,4,0,0,1,0,0,0,0,0,0,1,0,0,0,0,1,0,0,0,0,1,0,0,0,1,0,1,0,0,0
42,0,1,4,2,3,1,0,1,2,24,1965000,4,0,0,2,0,0,0,1,0,0,0,0,0,0,1,0,0,0,1,0,0,1,0,0,0,1,0,0,0,0,1,0,0
36,0,1,4,4,0,1,4,0,0,21,1572000,4,0,0,1,0,0,1,0,0,1,0,0,0,0,0,0,0,1,0,0,0,0,0,1,0,0,0,1,0,0,0,1,0
20,0,1,4,2,3,1,1,1,2,24,2718000,3,0,0,1,1,0,0,1,0,0,0,0,0,0,1,0,0,0,1,0,0,0,0,1,1,0,0,0,0,0,0,1,0
40,1,1,3,4,0,1,0,0,1,24,1358000,4,0,0,1,1,0,1,0,0,0,0,0,0,0,0,0,0,0,0,1,1,0,0,0,0,1,0,0,1,0,0,0,0
32,0,1,1,1,2,1,2,1,2,6,931000,1,0,0,1,1,0,1,0,0,0,0,0,0,0,1,0,0,0,0,1,0,0,0,1,1,0,0,0,1,0,0,0,0
23,0,1,4,3,4,1,1,0,1,24,1442000,4,0,0,2,1,0,0,1,0,0,0,0,0,0,1,0,0,0,1,0,0,1,0,0,0,1,0,0,0,0,0,1,0
36,1,1,4,2,3,1,1,1,2,24,4241000,1,0,0,3,1,0,1,0,0,1,0,0,0,0,0,0,0,0,1,0,0,0,0,1,0,0,0,1,0,0,0,0,1
31,1,1,2,3,4,1,1,0,0,18,2775000,2,0,0,2,1,0,1,0,0,0,0,0,0,0,1,0,0,1,0,0,0,1,0,0,1,0,0,0,0,1,0,0,0
32,1,1,2,2,3,1,1,0,0,24,3863000,1,0,0,1,0,1,0,0,0,1,0,0,0,0,0,0,0,0,1,0,0,1,0,0,0,0,1,0,0,0,1,0,0
45,0,1,1,1,2,1,1,1,2,7,2329000,1,0,1,1,0,0,1,0,0,0,0,0,0,1,0,0,0,0,1,0,0,1,0,0,0,0,0,1,0,0,0,1,0
30,0,1,1,2,3,1,1,1,2,9,918000,4,0,0,1,1,0,1,0,1,0,0,0,0,0,0,0,0,0,1,0,0,1,0,0,1,0,0,0,0,0,0,1,0
34,0,1,4,3,4,1,1,1,2,24,1837000,4,0,0,1,1,1,0,0,0,0,0,0,1,0,0,0,0,1,0,0,0,0,0,1,0,0,1,0,1,0,0,0,0
28,0,1,2,2,3,1,1,0,0,36,3349000,4,0,0,1,1,0,1,0,1,0,0,0,0,0,0,0,0,0,1,0,1,0,0,0,0,1,0,0,0,0,0,1,0
23,0,1,2,1,2,1,1,2,0,10,1275000,4,0,0,1,0,0,1,0,1,0,0,0,0,0,0,0,0,0,1,0,0,1,0,0,1,0,0,0,0,0,0,1,0
22,1,1,4,2,3,1,3,0,1,24,2828000,4,0,0,1,0,0,1,0,1,0,0,0,0,0,0,0,0,0,0,1,0,1,0,0,0,0,0,1,1,0,0,0,0
74,1,1,2,2,3,1,1,0,0,24,4526000,3,0,0,1,0,0,1,0,0,1,0,0,0,0,0,0,0,0,1,0,1,0,0,0,0,0,0,1,0,1,0,0,0
50,0,1,4,2,3,1,2,1,2,36,2671000,4,1,0,1,1,1,0,0,0,0,0,0,0,1,0,0,0,0,1,0,0,1,0,0,0,0,1,0,0,0,0,1,0
33,1,1,1,1,2,1,1,0,0,18,2051000,4,0,0,1,0,0,1,0,0,0,0,0,0,1,0,0,0,0,1,0,0,1,0,0,0,0,0,1,0,0,0,1,0
45,1,2,4,4,0,1,0,0,0,15,1300000,4,0,0,1,0,1,0,0,0,0,0,0,0,0,0,0,1,1,0,0,0,1,0,0,0,0,1,0,0,0,0,1,0
22,0,1,3,0,1,1,2,0,1,12,741000,4,0,0,1,1,0,1,0,0,0,0,1,0,0,0,0,0,0,1,0,0,1,0,0,1,0,0,0,0,0,0,1,0
48,0,2,4,4,0,1,2,2,0,10,1240000,1,0,0,1,1,1,0,0,0,0,0,0,0,0,1,0,0,0,1,0,0,0,0,1,0,0,1,0,0,0,0,1,0
29,0,1,2,1,2,1,4,0,1,21,3357000,4,0,0,1,0,0,1,0,0,0,0,0,0,1,0,0,0,1,0,0,0,1,0,0,0,1,0,0,0,0,0,1,0
22,0,1,4,2,3,0,1,0,1,24,3632000,1,0,1,1,0,0,0,1,0,0,0,0,0,0,0,0,1,1,0,0,0,1,0,0,0,1,0,0,1,0,0,0,0
22,0,1,1,3,4,1,1,0,0,18,1808000,4,0,0,1,1,0,1,0,1,0,0,0,0,0,0,0,0,0,1,0,0,1,0,0,0,0,0,1,0,0,1,0,0
48,1,1,2,2,3,1,0,1,2,48,12204000,2,0,0,1,0,0,1,0,0,1,0,0,0,0,0,0,0,1,0,0,1,0,0,0,0,1,0,0,0,0,0,0,1
27,1,1,2,2,3,1,0,1,2,60,9157000,2,0,0,1,0,1,0,0,0,0,0,0,0,1,0,0,0,0,1,0,1,0,0,0,0,0,1,0,0,0,1,0,0
37,1,2,3,2,3,1,1,0,1,6,3676000,1,0,0,3,0,0,0,1,0,0,0,0,0,0,1,0,0,0,1,0,0,1,0,0,0,0,0,1,0,1,0,0,0
21,0,1,4,2,3,1,2,1,2,30,3441000,2,1,0,1,1,0,0,1,1,0,0,0,0,0,0,0,0,0,1,0,0,1,0,0,0,1,0,0,0,0,0,1,0
49,1,1,2,2,3,1,1,0,0,12,640000,4,0,0,1,0,0,1,0,0,0,0,0,0,0,1,0,0,0,1,0,0,0,0,1,0,0,0,1,0,0,0,1,0
27,1,1,3,3,4,1,1,1,2,21,3652000,2,0,0,2,0,0,1,0,0,1,0,0,0,0,0,0,0,0,1,0,0,1,0,0,1,0,0,0,0,1,0,0,0
32,1,1,2,2,3,1,1,0,0,18,1530000,3,0,0,2,1,0,1,0,0,0,0,0,0,0,1,0,0,1,0,0,0,1,0,0,1,0,0,0,0,1,0,0,0
38,1,1,2,2,3,1,0,0,0,48,3914000,4,0,0,1,1,0,1,0,0,1,0,0,0,0,0,0,0,1,0,0,0,1,0,0,0,0,0,1,0,0,0,1,0
22,0,1,1,1,2,1,1,0,1,12,1858000,4,0,0,1,0,0,0,1,1,0,0,0,0,0,0,0,0,0,1,0,0,1,0,0,0,1,0,0,0,0,0,1,0
65,1,1,4,2,3,1,1,0,1,18,2600000,4,0,0,2,1,1,0,0,0,0,0,0,0,1,0,0,0,0,1,0,0,1,0,0,0,0,1,0,0,0,0,1,0
35,1,1,2,4,0,1,0,0,0,15,1979000,4,0,0,1,0,0,1,0,0,0,0,0,0,1,0,0,0,0,1,0,0,1,0,0,0,1,0,0,0,0,0,1,0
41,1,1,2,2,3,1,1,2,0,6,2116000,2,0,0,1,0,0,1,0,1,0,0,0,0,0,0,0,0,0,1,0,0,1,0,0,0,0,0,1,0,0,0,1,0
29,1,1,3,3,4,1,2,1,2,9,1437000,2,0,0,1,1,0,1,0,0,0,0,0,0,0,1,0,0,0,1,0,0,1,0,0,0,0,1,0,1,0,0,0,0
36,1,1,4,2,3,1,3,0,0,42,4042000,4,0,0,2,0,0,1,0,1,0,0,0,0,0,0,0,0,0,1,0,0,1,0,0,0,0,0,1,0,1,0,0,0
64,1,1,4,4,0,1,0,0,0,9,3832000,1,0,0,1,0,0,1,0,0,0,0,0,1,0,0,0,0,0,1,0,0,0,0,1,0,0,0,1,0,0,0,1,0
28,0,1,4,2,3,1,1,0,1,24,3660000,2,0,0,1,0,0,1,0,0,0,0,0,0,1,0,0,0,0,1,0,0,1,0,0,0,1,0,0,0,0,0,1,0
44,1,1,3,2,3,1,1,0,1,18,1553000,4,0,0,1,1,0,1,0,1,0,0,0,0,0,0,0,0,1,0,0,0,1,0,0,0,1,0,0,1,0,0,0,0
23,1,1,1,1,2,1,0,1,2,15,1444000,4,0,0,1,0,0,1,0,0,0,0,0,0,1,0,0,0,0,1,0,0,1,0,0,1,0,0,0,0,0,0,1,0
19,0,1,2,1,2,1,1,0,0,9,1980000,2,1,0,2,1,0,0,1,1,0,0,0,0,0,0,0,0,0,1,0,0,1,0,0,0,1,0,0,0,0,0,1,0
25,0,1,4,1,2,1,1,1,2,24,1355000,3,0,0,1,1,0,1,0,0,0,0,0,0,0,1,0,0,0,1,0,0,0,0,1,0,1,0,0,0,0,0,1,0
47,1,2,4,4,0,1,1,0,0,12,1393000,4,0,0,3,0,0,1,0,0,0,0,0,1,0,0,0,0,1,0,0,0,1,0,0,1,0,0,0,0,0,0,1,0
28,0,1,1,3,4,1,3,0,0,24,1376000,4,0,0,1,0,0,1,0,0,0,0,0,0,1,0,0,0,0,1,0,0,1,0,0,0,1,0,0,0,0,0,1,0
21,1,1,4,3,4,1,1,0,0,60,15653000,2,0,0,2,0,0,1,0,0,0,0,0,0,1,0,0,0,0,1,0,0,1,0,0,0,1,0,0,0,0,1,0,0
34,0,2,3,1,2,1,1,0,0,12,1493000,4,0,0,1,0,0,1,0,0,0,0,0,0,1,0,0,0,0,1,0,0,1,0,0,0,1,0,0,0,0,0,1,0
26,1,2,2,3,4,1,1,0,1,42,4370000,3,0,0,2,1,0,1,0,0,0,0,0,0,1,0,0,0,1,0,0,0,1,0,0,1,0,0,0,0,0,1,0,0
27,0,1,1,0,1,1,1,0,1,18,750000,4,0,0,1,1,0,1,0,0,0,0,0,1,0,0,0,0,0,1,0,0,0,1,0,0,0,0,1,0,0,0,1,0
38,1,1,4,4,0,1,1,1,2,15,1308000,4,0,0,2,0,0,1,0,0,0,0,0,0,0,0,1,0,0,1,0,0,0,0,1,0,1,0,0,0,0,0,1,0
40,1,1,2,2,3,1,2,0,0,15,4623000,3,0,0,1,1,0,1,0,0,0,0,0,1,0,0,0,0,0,1,0,1,0,0,0,1,0,0,0,0,0,0,1,0
33,1,1,2,3,4,1,1,0,0,24,1851000,4,0,1,2,0,0,1,0,0,0,0,0,0,1,0,0,0,0,1,0,0,1,0,0,0,1,0,0,0,1,0,0,0
32,1,1,1,3,4,1,1,0,1,18,1880000,4,0,0,2,0,0,1,0,0,0,0,0,0,1,0,0,0,0,1,0,1,0,0,0,1,0,0,0,0,1,0,0,0
27,1,1,4,1,2,1,0,0,0,36,7980000,4,0,0,2,1,0,0,1,0,1,0,0,0,0,0,0,0,0,1,0,0,1,0,0,0,1,0,0,0,0,1,0,0
32,1,1,2,2,3,1,1,0,1,30,4583000,2,0,1,2,0,0,1,0,1,0,0,0,0,0,0,0,0,0,1,0,0,1,0,0,0,0,0,1,0,0,0,0,1
26,0,1,2,2,3,1,3,0,0,12,1386000,2,0,0,1,1,0,1,0,0,0,0,0,0,0,1,0,0,0,1,0,0,1,0,0,1,0,0,0,0,0,0,1,0
38,1,2,3,3,4,1,1,2,0,24,947000,4,0,0,1,1,1,0,0,0,0,0,0,0,0,1,0,0,1,0,0,0,1,0,0,0,0,1,0,0,0,0,1,0
40,1,2,4,2,3,1,1,0,1,12,684000,4,0,0,1,1,0,0,1,0,0,0,0,1,0,0,0,0,0,1,0,0,0,0,1,0,1,0,0,0,0,0,1,0
50,1,1,1,3,4,1,1,0,1,48,7476000,4,0,0,1,0,1,0,0,0,0,0,0,1,0,0,0,0,0,1,0,1,0,0,0,0,0,1,0,0,0,0,1,0
37,1,1,2,2,3,1,1,1,2,12,1922000,4,0,0,1,1,0,1,0,1,0,0,0,0,0,0,0,0,0,1,0,0,0,0,1,1,0,0,0,0,0,0,1,0
45,1,1,1,4,0,1,1,0,1,24,2303000,4,1,0,1,1,0,1,0,0,0,0,0,0,0,1,0,0,0,1,0,0,1,0,0,0,0,0,1,0,0,0,1,0
42,1,1,4,4,0,1,2,1,2,36,8086000,2,0,0,4,1,0,1,0,0,0,0,0,0,0,1,0,0,0,1,0,1,0,0,0,0,1,0,0,0,0,1,0,0
35,1,1,3,3,4,1,1,0,0,24,2346000,4,0,0,2,0,0,1,0,0,0,0,0,0,0,0,0,1,0,1,0,0,1,0,0,0,1,0,0,0,1,0,0,0
22,1,1,4,0,1,1,1,0,1,14,3973000,1,0,0,1,0,1,0,0,0,0,0,0,0,0,1,0,0,0,1,0,0,1,0,0,0,0,1,0,0,0,0,1,0
41,1,2,4,4,0,1,1,1,2,12,888000,4,0,0,1,1,0,1,0,0,0,0,0,0,0,1,0,0,1,0,0,0,0,0,1,0,1,0,0,0,0,0,1,0
37,1,1,3,3,4,1,0,0,0,48,10222000,4,0,0,1,0,0,1,0,0,0,0,0,0,1,0,0,0,0,0,1,0,1,0,0,0,1,0,0,0,0,0,1,0
28,0,1,1,2,3,1,1,1,2,30,4221000,2,0,0,2,0,0,1,0,0,1,0,0,0,0,0,0,0,0,1,0,0,1,0,0,0,1,0,0,0,0,0,0,1
41,1,1,1,4,0,1,1,1,2,18,6361000,2,0,0,1,0,0,1,0,1,0,0,0,0,0,0,0,0,0,1,0,0,1,0,0,0,0,1,0,0,1,0,0,0
23,1,1,4,2,3,1,1,2,0,12,1297000,3,0,0,1,0,0,0,1,0,0,0,0,0,1,0,0,0,0,1,0,0,1,0,0,0,0,0,1,0,0,0,1,0
23,1,1,2,2,3,1,0,0,1,12,900000,4,0,0,1,1,0,1,0,0,0,0,0,0,0,1,0,0,0,1,0,0,1,0,0,0,1,0,0,0,0,0,1,0
50,1,1,2,4,0,1,1,0,0,21,2241000,4,0,0,2,0,0,1,0,1,0,0,0,0,0,0,0,0,0,1,0,0,1,0,0,0,0,0,1,0,0,0,1,0
35,1,1,1,0,1,1,1,1,2,6,1050000,4,0,0,2,0,0,1,0,1,0,0,0,0,0,0,0,0,0,0,1,1,0,0,0,1,0,0,0,0,0,1,0,0
50,0,1,4,2,3,1,1,2,0,6,1047000,2,0,0,1,0,0,1,0,0,0,0,0,1,0,0,0,0,0,1,0,0,0,0,1,1,0,0,0,0,1,0,0,0
27,1,1,2,0,1,1,1,0,0,24,6314000,4,1,0,2,0,0,1,0,0,0,0,0,0,0,0,0,0,1,0,0,1,0,0,0,0,0,1,0,0,1,0,0,0
34,1,2,2,2,3,1,4,1,2,30,3496000,4,0,0,1,0,0,1,0,1,0,0,0,0,0,0,0,0,0,0,1,0,1,0,0,0,1,0,0,1,0,0,0,0
27,0,1,1,2,3,1,1,0,0,48,3609000,1,0,0,1,0,0,1,0,0,1,0,0,0,0,0,0,0,0,0,1,0,1,0,0,0,0,0,1,1,0,0,0,0
43,1,1,4,4,0,1,1,0,1,12,4843000,3,1,0,2,1,0,0,1,0,0,0,0,0,0,1,0,0,0,1,0,0,1,0,0,1,0,0,0,0,1,0,0,0
47,1,1,4,4,0,1,1,2,0,30,3017000,4,0,0,1,0,0,1,0,0,0,0,0,0,1,0,0,0,0,1,0,0,1,0,0,1,0,0,0,0,1,0,0,0
27,1,1,3,2,3,1,2,0,0,24,4139000,3,0,0,2,0,0,1,0,0,1,0,0,0,0,0,0,0,0,1,0,0,0,0,1,1,0,0,0,0,1,0,0,0
31,1,1,2,3,4,1,2,0,0,36,5742000,2,0,0,2,0,0,1,0,0,1,0,0,0,0,0,0,0,0,1,0,0,1,0,0,0,1,0,0,0,0,0,1,0
42,1,1,4,4,0,1,1,0,0,60,10366000,2,0,0,1,0,0,1,0,0,0,0,0,0,0,1,0,0,0,1,0,1,0,0,0,1,0,0,0,0,0,0,1,0
24,1,1,2,2,3,1,3,0,0,6,2080000,1,0,0,1,0,0,1,0,0,0,0,0,0,0,1,0,0,0,1,0,0,1,0,0,0,1,0,0,0,1,0,0,0
41,1,2,2,1,2,1,3,0,0,21,2580000,4,0,0,1,1,0,1,0,0,1,0,0,0,0,0,0,0,1,0,0,0,0,0,1,0,0,0,1,0,0,1,0,0
26,0,1,4,3,4,1,1,0,0,30,4530000,4,0,0,1,0,0,0,1,0,0,0,0,0,1,0,0,0,0,1,0,1,0,0,0,0,1,0,0,0,1,0,0,0
33,1,1,4,4,0,1,1,0,0,24,5150000,4,0,0,1,0,0,1,0,1,0,0,0,0,0,0,0,0,0,1,0,0,1,0,0,0,1,0,0,0,1,0,0,0
24,1,1,2,2,3,1,2,1,2,72,5595000,2,0,0,1,1,0,1,0,0,0,0,0,0,1,0,0,0,0,1,0,0,1,0,0,0,1,0,0,0,0,0,1,0
64,1,1,4,4,0,1,1,0,1,24,2384000,4,0,0,1,0,0,0,1,0,0,0,0,0,1,0,0,0,1,0,0,0,0,0,1,0,0,0,1,0,0,0,1,0
26,0,1,1,1,2,1,1,0,0,18,1453000,3,0,0,1,0,0,1,0,0,0,0,0,0,1,0,0,0,0,1,0,0,1,0,0,0,0,0,1,0,0,0,1,0
56,0,1,2,1,2,1,1,0,0,6,1538000,1,0,0,1,0,0,1,0,0,0,0,0,1,0,0,0,0,0,1,0,0,1,0,0,0,0,1,0,0,0,0,1,0
37,1,1,4,2,3,1,0,0,0,12,2279000,4,0,0,1,0,1,0,0,0,0,0,0,0,1,0,0,0,0,1,0,0,1,0,0,0,0,1,0,0,0,0,1,0
33,1,1,3,2,3,1,1,0,0,15,1478000,4,0,0,2,0,0,1,0,0,0,0,0,0,1,0,0,0,1,0,0,0,1,0,0,0,0,0,1,0,0,1,0,0
47,1,1,3,1,2,1,1,0,0,24,5103000,3,0,0,3,0,1,0,0,0,0,0,0,0,1,0,0,0,0,1,0,0,1,0,0,0,0,1,0,0,1,0,0,0
31,1,2,3,3,4,1,2,1,2,36,9857000,1,0,0,2,0,0,1,0,0,1,0,0,0,0,0,0,0,0,1,0,0,0,0,1,1,0,0,0,0,0,1,0,0
34,1,2,4,2,3,1,0,0,0,60,6527000,4,0,0,1,0,1,0,0,0,0,0,0,0,0,1,0,0,0,1,0,0,1,0,0,0,0,1,0,0,0,0,1,0
27,1,1,2,3,4,1,0,2,0,10,1347000,4,0,0,2,0,0,1,0,0,0,0,0,0,1,0,0,0,0,1,0,0,1,0,0,1,0,0,0,0,1,0,0,0
30,1,1,3,4,0,1,2,1,2,36,2862000,4,0,0,1,0,1,0,0,0,0,0,0,0,0,1,0,0,0,1,0,0,1,0,0,0,0,1,0,0,0,1,0,0
35,1,1,4,4,0,1,2,0,0,9,2753000,3,1,0,1,0,0,1,0,0,0,0,0,0,1,0,0,0,0,1,0,0,1,0,0,0,1,0,0,0,0,0,1,0
31,1,2,3,2,3,1,4,0,1,12,3651000,1,0,0,1,0,0,1,0,0,0,0,0,0,0,1,0,0,0,1,0,0,1,0,0,1,0,0,0,0,0,0,1,0
25,1,1,3,2,3,1,1,0,1,15,975000,2,0,0,2,0,0,1,0,1,0,0,0,0,0,0,0,0,0,1,0,0,1,0,0,1,0,0,0,0,1,0,0,0
25,0,1,2,2,3,1,2,1,2,15,2631000,3,0,0,1,0,0,1,0,0,0,0,0,0,0,0,1,0,0,1,0,0,0,0,1,0,0,0,1,0,0,0,1,0
29,1,1,1,1,2,1,2,1,2,24,2896000,2,0,0,1,0,0,1,0,0,0,0,0,0,1,0,0,0,0,1,0,0,1,0,0,0,1,0,0,0,0,0,1,0
44,1,2,3,1,2,1,0,0,1,6,4716000,1,0,0,2,0,0,1,0,0,0,0,0,0,0,1,0,0,0,1,0,0,0,0,1,0,0,0,1,0,1,0,0,0
28,1,1,2,3,4,1,1,0,0,24,2284000,4,0,0,1,0,0,1,0,0,0,0,0,0,1,0,0,0,0,1,0,0,1,0,0,0,1,0,0,0,0,0,1,0
50,1,1,4,2,3,1,3,0,0,6,1236000,2,0,0,1,0,0,0,1,0,0,0,0,0,0,0,0,1,0,1,0,0,1,0,0,1,0,0,0,0,0,0,1,0
29,1,1,3,3,4,0,1,1,2,12,1103000,4,0,1,2,0,0,1,0,0,0,0,0,0,1,0,0,0,0,1,0,0,1,0,0,0,0,0,1,0,0,0,1,0
38,0,1,2,0,1,1,1,0,0,12,926000,1,0,0,1,0,0,1,0,0,0,0,0,0,0,1,0,0,0,1,0,0,0,1,0,1,0,0,0,0,1,0,0,0
24,1,1,2,2,3,1,1,0,0,18,1800000,4,0,0,2,0,0,1,0,0,0,0,0,0,1,0,0,0,0,1,0,0,1,0,0,0,1,0,0,0,1,0,0,0
40,1,1,4,4,0,1,1,2,0,15,1905000,4,0,0,1,0,0,0,1,0,0,0,0,1,0,0,0,0,0,1,0,1,0,0,0,0,1,0,0,0,0,0,1,0
29,0,1,4,2,3,1,3,0,0,12,1123000,4,0,0,1,1,0,0,1,1,0,0,0,0,0,0,0,0,0,1,0,0,0,0,1,0,1,0,0,0,0,0,1,0
46,1,1,4,4,0,1,1,0,1,48,6331000,4,0,0,2,1,1,0,0,0,0,0,0,0,0,0,0,1,0,1,0,0,1,0,0,0,0,1,0,0,1,0,0,0
47,0,1,2,4,0,1,2,2,0,24,1377000,4,0,0,1,0,1,0,0,0,0,0,0,0,1,0,0,0,0,1,0,0,1,0,0,0,0,1,0,0,0,0,1,0
41,1,1,2,4,0,1,2,1,2,30,2503000,4,0,0,2,0,0,1,0,0,1,0,0,0,0,0,0,0,0,0,1,0,1,0,0,1,0,0,0,0,0,1,0,0
32,0,2,1,1,2,1,1,1,2,27,2528000,4,0,0,1,0,0,1,0,0,1,0,0,0,0,0,0,0,0,1,0,0,1,0,0,1,0,0,0,0,0,0,1,0
35,0,1,4,4,0,1,3,0,0,15,5324000,1,0,0,1,0,1,0,0,0,0,0,0,0,0,1,0,0,0,1,0,0,1,0,0,0,0,1,0,0,0,0,1,0
24,1,1,2,3,4,1,2,1,2,48,6560000,3,0,0,1,1,0,1,0,0,0,0,0,0,0,1,0,0,0,1,0,0,1,0,0,1,0,0,0,0,0,0,1,0
25,0,1,3,1,2,1,1,1,2,12,2969000,4,0,0,2,1,0,0,1,1,0,0,0,0,0,0,0,0,0,1,0,0,1,0,0,1,0,0,0,0,0,0,0,1
25,0,1,4,4,0,1,1,1,2,9,1206000,4,0,0,1,0,0,1,0,0,0,0,0,0,1,0,0,0,0,1,0,0,1,0,0,0,0,0,1,0,0,0,1,0
37,1,2,2,2,3,1,1,1,2,9,2118000,2,0,0,1,0,0,1,0,0,0,0,0,0,1,0,0,0,0,1,0,0,0,0,1,0,0,0,1,0,0,0,1,0
32,1,1,3,4,0,1,3,0,0,18,629000,4,0,0,2,0,0,1,0,0,0,0,0,0,1,0,0,0,1,0,0,1,0,0,0,1,0,0,0,0,1,0,0,0
35,0,1,4,4,0,1,1,0,1,6,1198000,4,0,0,1,1,1,0,0,0,0,0,0,1,0,0,0,0,0,1,0,0,1,0,0,0,0,1,0,1,0,0,0,0
46,1,1,4,4,0,1,0,0,0,21,2476000,4,0,0,1,0,0,1,0,0,0,0,0,0,0,0,0,1,0,1,0,1,0,0,0,0,0,0,1,0,0,0,1,0
25,1,1,4,2,3,1,1,0,1,9,1138000,4,0,0,2,0,0,1,0,0,0,0,0,0,1,0,0,0,0,1,0,0,0,0,1,0,0,0,1,0,1,0,0,0
27,1,1,2,3,4,1,1,1,2,60,14027000,4,0,0,1,1,0,1,0,0,0,0,0,0,0,1,0,0,0,1,0,1,0,0,0,0,0,1,0,0,0,0,1,0
63,1,1,4,4,0,1,0,0,0,30,7596000,1,0,0,2,0,0,1,0,0,0,0,0,0,0,0,0,1,0,1,0,0,1,0,0,0,1,0,0,0,1,0,0,0
40,1,2,2,4,0,1,0,0,0,30,3077000,3,0,0,2,0,0,1,0,0,0,0,0,0,1,0,0,0,0,1,0,0,1,0,0,0,1,0,0,0,1,0,0,0
32,1,1,2,2,3,1,1,0,0,18,1505000,4,0,0,1,0,1,0,0,0,0,0,0,0,1,0,0,0,0,1,0,1,0,0,0,0,0,1,0,0,0,0,1,0
31,1,1,2,2,3,1,0,2,0,24,3148000,3,0,0,2,0,0,1,0,0,0,0,0,0,1,0,0,0,0,1,0,0,1,0,0,0,1,0,0,0,1,0,0,0
31,1,1,4,4,0,1,2,1,2,20,6148000,3,0,0,2,0,0,1,0,0,0,0,0,0,0,0,0,1,1,0,0,0,1,0,0,0,1,0,0,0,0,0,0,1
34,1,1,2,1,2,1,1,2,0,9,1337000,4,0,0,2,1,0,1,0,0,0,0,0,0,1,0,0,0,0,1,0,1,0,0,0,0,1,0,0,0,0,0,0,1
24,0,2,2,1,2,1,4,1,2,6,433000,4,0,0,1,1,0,0,1,0,0,0,0,1,0,0,0,0,1,0,0,0,1,0,0,1,0,0,0,1,0,0,0,0
24,0,1,2,2,3,1,1,0,1,12,1228000,4,0,0,1,1,0,1,0,0,0,0,0,0,0,1,0,0,0,1,0,0,0,0,1,0,0,0,1,0,0,0,1,0
66,0,1,3,2,3,1,3,1,2,9,790000,4,0,0,1,0,0,1,0,0,0,0,0,0,1,0,0,0,0,1,0,0,0,0,1,0,0,0,1,0,0,0,1,0
21,0,1,3,2,3,1,1,0,0,27,2570000,3,0,0,1,1,0,0,1,0,0,0,0,0,0,1,0,0,0,1,0,0,1,0,0,0,0,0,1,0,0,0,1,0
41,0,1,2,2,3,1,4,0,0,6,250000,2,0,0,2,0,0,1,0,0,0,0,0,0,0,1,0,0,1,0,0,0,0,0,1,0,0,0,1,0,1,0,0,0
47,1,1,2,2,3,1,3,0,0,15,1316000,2,0,0,2,0,0,1,0,0,0,0,0,0,1,0,0,0,0,1,0,0,0,0,1,1,0,0,0,0,1,0,0,0
25,0,1,4,2,3,1,1,0,1,18,1882000,4,0,0,2,1,0,0,1,0,0,0,0,0,1,0,0,0,1,0,0,0,1,0,0,0,1,0,0,0,0,0,1,0
59,0,1,3,4,0,1,1,1,2,48,6416000,4,0,0,1,1,0,0,1,0,1,0,0,0,0,0,0,0,0,1,0,0,1,0,0,0,0,1,0,1,0,0,0,0
36,1,1,4,2,3,1,4,2,0,24,1275000,2,0,0,2,0,0,1,0,0,1,0,0,0,0,0,0,0,0,1,0,0,1,0,0,0,0,0,1,0,1,0,0,0
33,1,1,2,1,2,1,1,1,2,24,6403000,1,0,0,1,0,0,1,0,0,0,0,0,0,1,0,0,0,0,1,0,0,1,0,0,0,1,0,0,0,0,1,0,0
21,1,2,4,2,3,1,1,0,1,24,1987000,2,0,0,1,1,0,0,1,0,0,0,0,0,1,0,0,0,0,1,0,0,0,0,1,0,0,0,1,0,0,0,1,0
44,0,1,2,3,4,1,1,1,2,8,760000,4,0,1,1,0,0,1,0,0,0,0,0,0,1,0,0,0,0,1,0,0,0,0,1,0,0,0,1,0,0,0,1,0
28,0,1,4,2,3,1,4,0,0,24,2603000,2,0,0,1,0,0,0,1,0,0,0,0,0,0,0,0,1,0,1,0,0,1,0,0,0,1,0,0,0,0,0,1,0
37,0,2,1,3,4,1,1,0,0,4,3380000,1,0,0,1,0,0,1,0,0,0,0,0,0,0,1,0,0,0,1,0,0,1,0,0,0,0,0,1,0,1,0,0,0
29,0,1,2,1,2,1,0,1,2,36,3990000,3,0,0,1,0,0,1,0,0,0,0,1,0,0,0,0,0,1,0,0,0,0,1,0,0,0,1,0,1,0,0,0,0
23,0,1,4,2,3,1,1,1,2,24,11560000,1,0,0,2,1,0,0,1,0,0,0,0,0,0,0,0,1,0,1,0,1,0,0,0,0,1,0,0,0,0,0,1,0
35,1,2,4,2,3,1,2,0,1,18,4380000,3,0,0,1,0,0,1,0,0,0,0,0,0,0,1,0,0,0,1,0,0,0,0,1,0,1,0,0,0,0,0,1,0
45,1,2,3,3,4,1,1,0,0,6,6761000,1,0,0,2,0,0,1,0,0,0,0,0,0,0,1,0,0,0,1,0,1,0,0,0,0,0,1,0,0,1,0,0,0
26,0,1,4,2,3,1,2,1,2,30,4280000,4,0,0,2,1,0,0,1,0,1,0,0,0,0,0,0,0,0,1,0,0,0,0,1,0,1,0,0,0,0,0,0,1
32,1,1,3,3,4,1,2,0,1,24,2325000,2,0,0,1,0,0,1,0,0,0,0,0,0,0,1,0,0,1,0,0,0,1,0,0,0,1,0,0,1,0,0,0,0
23,1,1,4,2,3,1,1,1,2,10,1048000,4,0,0,1,0,0,1,0,0,0,0,0,0,1,0,0,0,0,0,1,0,0,0,1,0,0,0,1,1,0,0,0,0
41,1,1,3,4,0,1,0,0,0,21,3160000,4,0,0,1,0,0,1,0,0,0,0,0,0,1,0,0,0,0,1,0,0,1,0,0,1,0,0,0,0,0,0,1,0
22,1,1,4,2,3,1,3,0,1,24,2483000,4,0,0,1,0,0,1,0,1,0,0,0,0,0,0,0,0,0,0,1,0,1,0,0,0,0,0,1,1,0,0,0,0
30,1,1,4,3,4,1,0,0,1,39,14179000,4,0,0,2,0,0,1,0,1,0,0,0,0,0,0,0,0,0,1,0,1,0,0,0,1,0,0,0,0,1,0,0,0
28,1,1,1,1,2,1,1,0,1,13,1797000,3,0,0,2,0,0,1,0,0,1,0,0,0,0,0,0,0,1,0,0,0,0,0,1,1,0,0,0,0,1,0,0,0
23,0,1,4,0,1,1,1,0,1,15,2511000,1,0,0,1,0,0,0,1,0,0,0,0,0,0,1,0,0,0,1,0,0,1,0,0,0,1,0,0,0,0,0,1,0
37,0,1,1,1,2,1,1,0,1,12,1274000,3,0,0,1,1,0,1,0,0,0,0,0,0,0,1,0,0,0,1,0,0,0,0,1,0,0,0,1,0,0,0,1,0
26,1,1,3,2,3,1,0,0,0,21,5248000,1,0,0,1,0,0,1,0,0,0,0,0,0,0,0,0,1,0,1,0,0,1,0,0,0,1,0,0,0,0,0,1,0
33,1,1,2,3,4,1,1,0,0,15,3029000,2,0,0,1,0,0,1,0,0,0,0,0,0,0,0,0,1,0,1,0,0,1,0,0,0,1,0,0,0,0,0,1,0
49,0,1,1,4,0,1,1,0,1,6,428000,2,0,0,1,0,0,1,0,1,0,0,0,0,0,0,0,0,1,0,0,0,1,0,0,1,0,0,0,0,0,0,1,0
23,0,1,2,1,2,1,1,0,1,18,976000,1,0,0,1,1,0,1,0,0,0,0,0,0,0,1,0,0,0,1,0,0,0,0,1,0,1,0,0,0,0,0,1,0
23,0,1,4,3,4,1,2,1,2,12,841000,2,0,0,1,0,0,0,1,0,1,0,0,0,0,0,0,0,0,1,0,0,0,0,1,0,0,0,1,0,0,0,1,0
25,0,1,2,3,4,1,1,0,0,30,5771000,4,0,0,2,0,0,1,0,0,0,0,0,0,1,0,0,0,0,1,0,0,1,0,0,0,1,0,0,0,1,0,0,0
55,1,2,4,4,0,1,4,0,0,12,1555000,4,0,0,2,1,1,0,0,0,0,0,0,0,0,0,1,0,0,1,0,0,1,0,0,0,0,1,0,0,0,1,0,0
32,0,1,4,3,4,1,0,0,1,24,1285000,4,0,0,1,1,0,0,1,0,0,0,0,0,0,1,0,0,0,1,0,0,1,0,0,0,0,1,0,0,0,0,1,0
74,1,2,1,2,3,0,1,2,0,6,1299000,1,0,0,3,0,0,1,0,0,0,0,0,0,0,1,0,0,0,1,0,0,0,1,0,0,0,0,1,0,1,0,0,0
39,1,1,4,2,3,1,0,2,0,15,1271000,3,0,0,2,1,1,0,0,0,0,0,0,0,1,0,0,0,0,1,0,0,1,0,0,0,0,1,0,0,1,0,0,0
31,1,1,2,2,3,1,1,0,0,24,1393000,2,0,1,1,0,0,1,0,0,0,0,0,0,0,1,0,0,0,1,0,0,1,0,0,0,0,0,1,0,0,0,1,0
35,1,1,3,4,0,1,1,0,1,12,691000,4,0,0,2,1,0,1,0,0,0,0,0,0,0,1,0,0,0,1,0,0,1,0,0,1,0,0,0,0,1,0,0,0
59,0,1,4,4,0,1,0,0,0,15,5045000,1,0,0,1,0,0,1,0,0,0,0,0,0,0,1,0,0,0,1,0,0,1,0,0,0,1,0,0,0,1,0,0,0
24,0,1,4,2,3,1,1,0,1,18,2124000,4,0,0,2,1,0,0,1,1,0,0,0,0,0,0,0,0,0,1,0,0,1,0,0,0,0,0,1,0,1,0,0,0
24,1,1,3,2,3,1,1,0,1,12,2214000,4,0,0,1,0,0,1,0,0,0,0,0,0,1,0,0,0,0,1,0,0,0,0,1,1,0,0,0,0,0,0,1,0
30,1,1,4,4,0,1,0,0,0,21,12680000,4,0,0,1,1,1,0,0,0,0,0,0,0,0,1,0,0,0,1,0,1,0,0,0,0,0,1,0,0,1,0,0,0
27,1,1,3,3,4,1,2,0,0,24,2463000,4,0,0,2,0,0,1,0,0,0,0,0,0,0,1,0,0,0,1,0,0,1,0,0,1,0,0,0,0,1,0,0,0
40,1,1,3,4,0,1,1,1,2,12,1155000,3,0,1,2,0,0,1,0,0,0,0,0,0,1,0,0,0,1,0,0,0,0,0,1,0,0,0,1,0,0,0,1,0
31,1,1,4,1,2,1,1,0,1,30,3108000,2,0,0,1,1,0,1,0,1,0,0,0,0,0,0,0,0,0,1,0,0,0,0,1,1,0,0,0,0,0,0,1,0
31,0,1,4,1,2,1,0,0,0,10,2901000,1,0,0,1,0,0,0,1,0,0,0,0,0,0,0,0,1,0,1,0,0,1,0,0,0,0,0,1,0,0,0,1,0
28,1,1,4,4,0,1,1,1,2,12,3617000,1,0,0,3,0,0,0,1,1,0,0,0,0,0,0,0,0,0,1,0,0,1,0,0,0,1,0,0,0,1,0,0,0
63,1,1,4,4,0,1,1,0,0,12,1655000,2,0,0,2,0,0,1,0,0,0,0,0,0,1,0,0,0,0,1,0,0,0,0,1,0,0,0,1,0,1,0,0,0
26,0,1,4,4,0,1,0,0,1,24,2812000,2,0,0,1,0,0,0,1,0,0,0,0,0,0,0,0,1,0,1,0,0,1,0,0,0,0,0,1,0,0,0,1,0
25,0,1,2,2,3,1,1,0,1,36,8065000,3,0,0,2,1,0,1,0,0,0,0,0,1,0,0,0,0,0,1,0,1,0,0,0,0,0,1,0,0,1,0,0,0
36,1,1,4,4,0,1,1,0,0,21,3275000,1,0,0,1,0,0,1,0,0,0,0,0,0,0,0,0,1,0,1,0,1,0,0,0,0,1,0,0,0,1,0,0,0
52,1,1,4,4,0,1,2,0,0,24,2223000,4,0,0,2,0,0,1,0,0,0,0,0,0,1,0,0,0,1,0,0,0,1,0,0,1,0,0,0,0,1,0,0,0
66,1,1,4,0,1,1,3,2,0,12,1480000,2,0,0,3,0,1,0,0,0,0,0,0,0,0,1,0,0,1,0,0,0,0,1,0,0,0,1,0,0,1,0,0,0
25,0,1,4,2,3,1,0,0,1,24,1371000,4,0,0,1,1,0,0,1,0,0,0,0,0,0,1,0,0,0,1,0,0,1,0,0,0,0,0,1,0,0,0,1,0
37,1,1,4,3,4,1,1,0,0,36,3535000,4,0,0,2,0,0,1,0,0,0,0,0,0,0,1,0,0,0,1,0,0,1,0,0,0,1,0,0,0,1,0,0,0
25,0,1,1,3,4,1,1,0,1,18,3509000,4,0,1,1,0,0,1,0,0,0,0,0,0,1,0,0,0,0,1,0,0,1,0,0,0,0,0,1,0,0,0,1,0
38,1,1,2,4,0,1,4,0,0,36,5711000,4,0,0,2,0,0,1,0,0,0,0,0,0,0,0,0,1,0,1,0,1,0,0,0,0,1,0,0,0,1,0,0,0
67,0,1,4,0,1,1,1,1,2,18,3872000,2,0,0,1,0,0,1,0,0,0,0,0,0,0,0,1,0,0,1,0,0,1,0,0,0,1,0,0,0,0,0,1,0
25,1,1,2,3,4,1,1,1,2,39,4933000,2,0,1,2,1,0,1,0,0,0,0,0,0,1,0,0,0,0,1,0,0,1,0,0,0,0,0,1,0,1,0,0,0
60,1,1,4,4,0,1,4,0,0,24,1940000,4,0,0,1,0,0,1,0,0,0,0,0,0,0,1,0,0,0,1,0,0,1,0,0,0,0,0,1,0,1,0,0,0
31,1,1,2,2,3,1,1,1,2,12,1410000,2,0,0,1,0,0,1,0,0,0,1,0,0,0,0,0,0,0,1,0,0,0,0,1,0,0,0,1,0,0,0,0,1
23,0,1,2,1,2,1,2,1,2,12,836000,4,0,0,1,1,0,1,0,0,0,0,0,0,0,1,0,0,1,0,0,0,0,0,1,1,0,0,0,0,0,0,1,0
60,1,1,4,0,1,1,0,1,2,20,6468000,1,0,0,1,0,0,1,0,0,0,0,0,0,0,0,0,1,0,1,0,1,0,0,0,0,0,0,1,0,0,0,1,0
35,1,1,2,2,3,1,4,1,2,18,1941000,4,0,0,1,0,0,1,0,0,1,0,0,0,0,0,0,0,0,1,0,0,0,0,1,1,0,0,0,0,0,0,1,0
40,1,1,4,4,0,1,3,0,0,22,2675000,3,0,0,1,0,0,1,0,0,0,0,0,0,1,0,0,0,0,1,0,0,1,0,0,0,1,0,0,0,0,0,1,0
38,1,2,3,4,0,1,0,0,0,48,2751000,4,0,0,2,0,0,1,0,0,0,0,0,0,0,0,0,1,0,1,0,0,1,0,0,0,1,0,0,0,1,0,0,0
50,1,1,4,4,0,1,1,1,2,48,6224000,4,0,0,1,1,1,0,0,0,0,0,0,1,0,0,0,0,0,1,0,0,1,0,0,0,0,1,0,0,0,1,0,0
27,1,1,3,2,3,1,1,0,1,40,5998000,4,0,0,1,1,0,1,0,0,0,0,0,1,0,0,0,0,1,0,0,0,1,0,0,0,0,1,0,0,1,0,0,0
39,0,2,4,4,0,1,1,1,2,21,1188000,2,0,0,1,1,0,1,0,0,1,0,0,0,0,0,0,0,0,1,0,0,1,0,0,1,0,0,0,0,0,0,1,0
41,1,2,4,4,0,1,0,0,0,24,6313000,3,0,0,1,0,0,1,0,0,0,0,0,0,0,0,0,1,0,1,0,1,0,0,0,0,1,0,0,0,0,0,1,0
27,1,1,2,2,3,1,0,0,0,6,1221000,1,0,0,2,0,0,1,0,1,0,0,0,0,0,0,0,0,0,1,0,0,1,0,0,1,0,0,0,0,1,0,0,0
51,1,1,4,4,0,1,1,2,0,24,2892000,3,0,0,1,0,1,0,0,1,0,0,0,0,0,0,0,0,0,1,0,0,1,0,0,0,0,1,0,0,0,0,1,0
32,1,1,3,4,0,1,3,0,0,24,3062000,4,0,0,1,0,0,0,1,1,0,0,0,0,0,0,0,0,0,1,0,0,1,0,0,0,0,1,0,0,0,0,1,0
22,0,1,4,1,2,1,2,0,0,9,2301000,2,0,0,1,0,0,0,1,1,0,0,0,0,0,0,0,0,0,1,0,0,1,0,0,1,0,0,0,0,0,0,1,0
51,1,2,4,4,0,1,0,0,1,18,7511000,1,0,0,1,1,1,0,0,0,0,0,0,0,0,0,0,1,0,1,0,0,1,0,0,1,0,0,0,0,0,0,1,0
22,0,1,4,1,2,1,1,0,0,12,1258000,2,0,0,2,0,0,0,1,1,0,0,0,0,0,0,0,0,0,1,0,0,0,0,1,1,0,0,0,0,1,0,0,0
54,1,1,4,4,0,1,0,0,0,24,717000,4,0,0,2,0,0,1,0,0,0,0,0,0,0,1,0,0,0,1,0,0,1,0,0,0,1,0,0,0,0,1,0,0
35,1,1,2,1,2,1,0,1,2,9,1549000,4,0,0,1,0,0,1,0,0,0,0,0,0,0,1,0,0,0,1,0,0,0,1,0,0,0,0,1,0,0,0,1,0
54,1,2,4,4,0,1,1,0,0,24,1597000,4,0,0,2,0,1,0,0,0,0,0,0,1,0,0,0,0,0,1,0,0,1,0,0,0,0,1,0,0,1,0,0,0
48,0,1,4,4,0,1,1,1,2,18,1795000,3,0,1,2,0,0,0,1,0,0,0,0,0,1,0,0,0,1,0,0,0,0,0,1,0,0,0,1,0,1,0,0,0
24,0,1,4,4,0,1,1,0,1,20,4272000,1,0,0,2,0,0,1,0,1,0,0,0,0,0,0,0,0,0,1,0,0,1,0,0,1,0,0,0,0,1,0,0,0
35,1,1,4,4,0,1,0,0,0,12,976000,4,0,0,2,0,0,1,0,0,0,0,0,0,1,0,0,0,0,1,0,0,1,0,0,0,1,0,0,0,1,0,0,0
24,0,1,2,0,1,1,0,1,2,12,7472000,1,0,0,1,0,0,0,1,0,0,0,0,0,0,1,0,0,0,1,0,0,0,1,0,0,0,0,1,0,0,0,1,0
24,1,1,1,3,4,1,1,0,1,36,9271000,2,0,0,1,1,0,1,0,0,0,0,0,0,0,1,0,0,0,1,0,0,1,0,0,0,1,0,0,0,0,0,1,0
26,1,1,3,1,2,0,1,1,2,6,590000,3,0,0,1,0,0,1,0,0,0,0,0,0,1,0,0,0,0,1,0,0,0,0,1,0,0,0,1,0,0,0,1,0
65,1,1,4,4,0,1,0,0,0,12,930000,4,0,0,4,0,0,1,0,0,0,0,0,0,1,0,0,0,0,1,0,0,1,0,0,0,0,0,1,0,1,0,0,0
55,1,1,2,0,1,1,1,1,2,42,9283000,1,0,0,1,0,1,0,0,0,0,0,0,0,0,0,0,1,1,0,0,1,0,0,0,0,0,1,0,1,0,0,0,0
26,0,1,1,1,2,1,1,1,2,15,1778000,2,0,0,2,1,0,0,1,0,0,0,0,0,0,1,0,0,0,1,0,0,0,1,0,0,0,0,1,0,0,0,0,1
26,1,1,2,1,2,1,1,1,2,8,907000,3,0,0,1,0,0,1,0,0,1,0,0,0,0,0,0,0,0,1,0,0,1,0,0,0,0,0,1,0,0,0,1,0
28,1,1,3,3,4,1,1,1,2,6,484000,3,0,1,1,0,0,1,0,0,0,0,0,0,1,0,0,0,1,0,0,0,0,0,1,0,0,0,1,0,0,0,1,0
24,1,1,4,3,4,1,1,0,1,36,9629000,4,0,0,2,1,0,1,0,0,0,0,0,0,0,0,0,1,0,1,0,0,1,0,0,0,1,0,0,0,1,0,0,0
54,1,1,4,2,3,1,1,0,1,48,3051000,3,0,0,1,1,0,1,0,0,0,0,1,0,0,0,0,0,0,1,0,0,1,0,0,0,1,0,0,0,0,0,1,0
46,1,2,4,3,4,1,1,0,1,48,3931000,4,0,0,1,1,1,0,0,0,0,0,0,0,0,1,0,0,0,1,0,0,1,0,0,0,0,1,0,0,0,0,1,0
54,0,1,2,2,3,1,1,1,2,36,7432000,2,0,0,1,0,0,0,1,0,0,0,0,0,0,1,0,0,0,1,0,0,1,0,0,1,0,0,0,0,0,1,0,0
62,1,1,4,2,3,1,3,0,0,6,1338000,1,0,0,1,0,0,1,0,0,0,0,1,0,0,0,0,0,0,1,0,0,1,0,0,0,0,0,1,0,0,0,1,0
24,0,1,2,3,4,1,1,0,0,6,1554000,1,0,0,2,0,0,0,1,0,0,0,0,0,1,0,0,0,0,1,0,0,1,0,0,0,1,0,0,0,1,0,0,0
43,1,1,3,0,1,1,1,0,1,36,15857000,2,1,0,1,0,0,1,0,0,0,0,0,0,0,0,0,0,0,1,0,1,0,0,0,0,1,0,0,0,0,0,1,0
26,1,1,3,2,3,1,1,0,1,18,1345000,4,0,0,1,1,0,1,0,0,0,0,0,0,1,0,0,0,1,0,0,0,1,0,0,0,0,0,1,0,0,0,1,0
27,1,1,2,2,3,1,1,0,0,12,1101000,3,0,0,2,0,0,1,0,0,0,0,0,0,0,1,0,0,0,1,0,0,1,0,0,0,0,0,1,0,0,0,1,0
24,1,1,1,2,3,1,1,2,0,12,3016000,3,0,0,1,0,0,1,0,0,0,0,0,0,1,0,0,0,0,1,0,0,1,0,0,0,1,0,0,0,0,0,1,0
41,1,2,2,4,0,1,1,0,1,36,2712000,2,0,0,1,1,0,1,0,1,0,0,0,0,0,0,0,0,1,0,0,0,1,0,0,1,0,0,0,0,0,0,1,0
47,1,1,4,4,0,1,1,0,1,8,731000,4,0,0,2,0,0,1,0,0,0,0,0,0,0,1,0,0,0,1,0,0,0,0,1,0,0,0,1,0,1,0,0,0
35,1,1,2,1,2,1,1,0,0,18,3780000,3,0,0,2,0,0,1,0,1,0,0,0,0,0,0,0,0,0,1,0,1,0,0,0,0,1,0,0,0,1,0,0,0
30,1,1,3,4,0,1,1,0,1,21,1602000,4,0,0,2,0,0,1,0,0,0,0,0,0,0,1,0,0,0,1,0,0,1,0,0,0,1,0,0,0,1,0,0,0
33,0,1,4,4,0,1,1,0,1,18,3966000,1,0,0,3,1,0,0,1,0,0,0,0,0,0,1,0,0,1,0,0,0,1,0,0,0,0,0,1,0,1,0,0,0
36,1,2,2,2,3,1,1,0,0,18,4165000,2,0,0,2,1,0,1,0,0,1,0,0,0,0,0,0,0,0,0,1,0,1,0,0,0,1,0,0,0,0,0,0,1
47,1,1,4,4,0,1,0,0,1,36,8335000,3,0,0,1,1,1,0,0,0,0,0,0,0,0,0,0,1,0,1,0,0,1,0,0,0,0,1,0,0,0,0,1,0
38,1,2,4,2,3,1,0,1,2,48,6681000,4,0,0,1,0,1,0,0,0,1,0,0,0,0,0,0,0,0,1,0,0,1,0,0,0,0,1,0,0,0,1,0,0
44,1,2,2,2,3,1,3,0,0,24,2375000,4,0,0,2,0,0,1,0,0,1,0,0,0,0,0,0,0,0,1,0,0,1,0,0,0,1,0,0,0,0,1,0,0
23,0,1,3,1,2,1,1,0,1,18,1216000,4,0,0,1,1,0,0,1,0,0,0,0,0,0,1,0,0,0,1,0,0,1,0,0,0,1,0,0,0,0,0,1,0
29,1,1,4,4,0,1,1,0,1,45,11816000,2,0,0,2,1,0,0,1,0,1,0,0,0,0,0,0,0,0,1,0,0,1,0,0,0,1,0,0,0,0,0,0,1
42,0,1,4,4,0,1,0,1,2,24,5084000,2,0,0,1,0,0,1,0,0,0,0,0,0,1,0,0,0,0,1,0,0,1,0,0,0,1,0,0,0,0,0,1,0
25,0,1,3,1,2,1,1,2,0,15,2327000,2,0,0,1,1,0,1,0,0,0,0,0,0,1,0,0,0,0,1,0,0,0,0,1,0,0,0,1,0,0,0,1,0
48,1,1,4,2,3,1,1,0,1,12,1082000,4,0,0,2,1,0,1,0,0,0,0,0,0,0,1,0,0,1,0,0,0,1,0,0,0,1,0,0,0,0,0,0,1
21,0,1,2,2,3,1,0,0,0,12,886000,4,0,0,1,0,0,1,0,0,0,0,0,0,1,0,0,0,0,1,0,0,1,0,0,0,1,0,0,0,0,0,1,0
23,0,2,3,1,2,1,1,0,0,4,601000,1,0,0,1,0,0,0,1,1,0,0,0,0,0,0,0,0,0,1,0,0,0,0,1,0,0,0,1,0,0,0,1,0
63,1,1,4,4,0,1,1,0,1,24,2957000,4,0,0,2,0,0,1,0,0,0,0,0,0,0,0,0,1,0,1,0,0,1,0,0,1,0,0,0,0,1,0,0,0
46,1,1,3,4,0,1,1,0,0,24,2611000,4,1,0,2,0,0,1,0,0,0,0,0,0,1,0,0,0,0,1,0,0,1,0,0,0,0,0,1,0,1,0,0,0
29,1,1,2,3,4,1,1,0,1,36,5179000,4,0,0,1,1,0,1,0,1,0,0,0,0,0,0,0,0,0,1,0,0,1,0,0,1,0,0,0,0,0,0,1,0
28,1,1,2,2,3,1,1,0,0,21,2993000,3,0,0,2,0,0,1,0,0,0,0,0,0,0,0,0,1,0,0,1,0,0,0,1,0,0,0,1,0,0,1,0,0
23,0,1,4,1,2,1,1,0,0,18,1943000,4,0,0,1,1,0,1,0,0,0,0,0,0,0,0,1,0,0,1,0,0,1,0,0,0,0,0,1,0,0,0,1,0
50,1,1,4,3,4,1,1,0,0,24,1559000,4,0,0,1,0,0,1,0,0,1,0,0,0,0,0,0,0,1,0,0,0,1,0,0,0,1,0,0,1,0,0,0,0
47,1,2,4,4,0,1,1,0,0,18,3422000,4,0,0,3,0,0,1,0,1,0,0,0,0,0,0,0,0,1,0,0,0,1,0,0,1,0,0,0,0,0,0,1,0
35,1,1,3,3,4,1,0,1,2,21,3976000,2,0,0,1,0,0,1,0,1,0,0,0,0,0,0,0,0,0,1,0,0,1,0,0,0,1,0,0,0,0,0,1,0
68,1,1,4,2,3,1,0,0,0,18,6761000,2,0,0,2,1,0,0,1,0,0,0,0,0,0,1,0,0,0,1,0,0,1,0,0,0,1,0,0,0,0,0,1,0
28,1,1,2,1,2,1,1,0,0,24,1249000,4,0,0,1,0,0,1,0,0,0,0,0,0,0,1,0,0,0,1,0,0,1,0,0,0,0,0,1,0,0,0,1,0
59,1,1,4,3,4,1,1,0,1,9,1364000,3,0,0,1,0,0,1,0,0,0,0,0,0,1,0,0,0,0,1,0,0,1,0,0,0,0,0,1,0,0,0,1,0
57,1,1,4,4,0,1,1,0,1,12,709000,4,0,0,1,1,0,1,0,0,0,0,0,0,1,0,0,0,0,0,1,0,0,0,1,0,0,0,1,0,0,0,1,0
33,1,1,2,2,3,0,1,0,1,20,2235000,4,0,1,2,1,0,0,1,0,0,0,0,0,0,1,0,0,1,0,0,0,1,0,0,1,0,0,0,0,1,0,0,0
43,1,1,4,3,4,1,0,0,0,24,4042000,3,0,0,2,0,0,1,0,0,0,0,0,0,0,0,0,1,0,1,0,0,1,0,0,1,0,0,0,0,1,0,0,0
35,1,1,4,2,3,1,1,0,0,15,1471000,4,0,0,2,0,1,0,0,0,0,0,0,0,1,0,0,0,0,1,0,0,1,0,0,0,0,1,0,0,1,0,0,0
32,1,2,4,3,4,1,1,0,1,18,1442000,4,0,0,2,1,1,0,0,0,0,0,0,0,0,1,0,0,0,1,0,0,0,0,1,0,0,1,0,1,0,0,0,0
45,1,2,2,4,0,1,1,0,0,36,10875000,2,0,0,2,0,0,1,0,0,0,0,0,0,0,1,0,0,0,1,0,0,1,0,0,0,1,0,0,0,0,1,0,0
33,1,1,3,1,2,1,2,0,0,24,1474000,4,0,0,1,0,0,1,0,0,0,0,0,0,0,1,0,0,0,1,0,0,1,0,0,0,0,0,1,0,0,0,1,0
40,0,1,3,3,4,1,0,0,0,10,894000,4,0,0,1,0,0,1,0,0,0,1,0,0,0,0,0,0,0,1,0,0,1,0,0,1,0,0,0,0,0,0,1,0
28,1,1,2,2,3,1,1,0,0,15,3343000,4,0,0,1,0,1,0,0,1,0,0,0,0,0,0,0,0,0,1,0,0,1,0,0,0,0,1,0,0,1,0,0,0
29,0,1,2,2,3,1,1,0,1,15,3959000,3,0,0,1,1,0,1,0,0,0,0,0,0,0,1,0,0,0,1,0,0,1,0,0,1,0,0,0,0,0,0,1,0
26,1,2,2,2,3,0,2,0,0,9,3577000,1,0,1,1,0,0,0,1,0,0,0,0,0,0,1,0,0,0,1,0,0,1,0,0,0,0,0,1,0,0,0,1,0
27,1,1,2,2,3,1,4,0,0,24,5804000,4,0,0,2,0,0,1,0,0,0,0,0,0,0,0,0,1,0,1,0,0,1,0,0,0,0,0,1,0,1,0,0,0
28,1,1,2,2,3,1,1,0,0,18,2169000,4,0,0,1,1,0,1,0,0,1,0,0,0,0,0,0,0,0,1,0,0,1,0,0,0,1,0,0,0,0,1,0,0
35,0,1,4,1,2,1,1,0,1,24,2439000,4,0,0,1,1,0,1,0,0,0,0,0,0,1,0,0,0,0,1,0,0,1,0,0,0,0,0,1,0,0,0,1,0
32,1,2,2,1,2,1,4,0,0,27,4526000,4,0,0,2,0,0,1,0,1,0,0,0,0,0,0,0,0,0,0,1,0,0,0,1,0,0,0,1,0,1,0,0,0
25,1,1,2,2,3,1,1,0,0,10,2210000,2,0,0,1,1,0,0,1,1,0,0,0,0,0,0,0,0,1,0,0,0,0,0,1,0,0,0,1,0,0,0,1,0
20,0,1,4,2,3,1,3,0,0,15,2221000,2,0,0,1,0,0,0,1,1,0,0,0,0,0,0,0,0,0,1,0,0,1,0,0,0,1,0,0,0,0,0,1,0
27,0,1,1,1,2,1,1,0,1,18,2389000,4,0,0,1,0,0,1,0,0,0,0,0,0,1,0,0,0,0,0,1,0,1,0,0,0,1,0,0,0,0,0,1,0
42,1,1,4,4,0,1,1,0,0,12,3331000,2,0,0,1,0,0,1,0,1,0,0,0,0,0,0,0,0,0,0,1,0,1,0,0,1,0,0,0,0,1,0,0,0
37,1,1,2,4,0,1,0,0,0,36,7409000,3,0,0,2,0,0,1,0,0,1,0,0,0,0,0,0,0,0,1,0,0,1,0,0,1,0,0,0,0,0,0,1,0
24,0,1,4,4,0,1,1,0,1,12,652000,4,0,0,1,0,0,0,1,1,0,0,0,0,0,0,0,0,0,1,0,0,1,0,0,1,0,0,0,0,0,0,1,0
40,0,1,4,3,4,1,3,0,0,36,7678000,2,0,0,2,0,0,1,0,1,0,0,0,0,0,0,0,0,0,1,0,0,1,0,0,0,1,0,0,0,0,1,0,0
46,1,2,4,4,0,0,1,2,0,6,1343000,1,0,0,2,0,0,1,0,0,0,0,0,0,0,1,0,0,0,1,0,0,1,0,0,0,0,0,1,0,1,0,0,0
26,1,1,1,3,4,1,2,0,1,24,1382000,4,0,0,2,0,0,1,0,0,1,0,0,0,0,0,0,0,0,1,0,0,1,0,0,0,0,0,1,0,1,0,0,0
24,0,1,1,1,2,1,0,0,0,15,874000,4,0,0,1,0,0,1,0,0,0,0,1,0,0,0,0,0,0,1,0,0,1,0,0,0,0,0,1,0,0,0,1,0
29,1,2,2,2,3,1,1,0,1,12,3590000,2,1,0,1,0,0,1,0,1,0,0,0,0,0,0,0,0,0,1,0,0,0,0,1,1,0,0,0,0,0,0,1,0
40,0,1,4,2,3,1,4,1,2,11,1322000,4,0,0,2,0,0,1,0,0,0,0,0,0,0,1,0,0,0,1,0,0,1,0,0,0,1,0,0,0,1,0,0,0
36,1,1,4,1,2,1,1,0,1,18,1940000,3,1,0,1,0,1,0,0,0,0,0,0,0,1,0,0,0,1,0,0,1,0,0,0,0,0,1,0,1,0,0,0,0
28,1,1,2,4,0,1,1,0,0,36,3595000,4,0,0,1,0,0,1,0,0,0,0,0,0,1,0,0,0,0,1,0,0,1,0,0,0,1,0,0,0,0,0,1,0
27,1,1,2,1,2,1,1,0,1,9,1422000,3,0,0,1,1,1,0,0,0,0,0,0,0,0,1,0,0,0,1,0,1,0,0,0,0,0,1,0,0,0,0,1,0
36,1,1,3,3,4,1,0,0,0,30,6742000,2,0,0,2,0,0,1,0,0,0,0,0,0,1,0,0,0,0,1,0,0,1,0,0,1,0,0,0,0,1,0,0,0
38,1,1,3,3,4,1,1,0,0,24,7814000,3,0,0,1,0,0,1,0,0,0,0,0,0,0,0,0,1,0,1,0,1,0,0,0,0,1,0,0,0,0,0,1,0
48,1,1,4,2,3,1,0,0,0,24,9277000,2,0,0,1,0,1,0,0,0,0,0,0,0,0,0,0,1,0,1,0,0,1,0,0,0,0,1,0,0,0,0,1,0
36,1,1,4,4,0,1,0,1,2,30,2181000,4,0,0,2,0,0,1,0,0,0,0,0,0,0,1,0,0,0,1,0,0,1,0,0,0,0,0,1,0,1,0,0,0
65,0,1,4,0,1,1,1,0,0,18,1098000,4,0,0,2,0,0,1,0,0,0,0,0,0,1,0,0,0,0,1,0,0,0,1,0,0,1,0,0,0,1,0,0,0
43,1,1,3,3,4,1,1,1,2,24,4057000,3,0,0,1,1,0,1,0,1,0,0,0,0,0,0,0,0,0,1,0,0,1,0,0,0,1,0,0,0,0,0,1,0
53,0,1,4,1,2,1,1,0,1,12,795000,4,0,0,1,1,0,1,0,0,0,0,0,1,0,0,0,0,0,1,0,0,1,0,0,1,0,0,0,0,0,0,1,0
34,1,2,3,3,4,1,0,1,2,24,2825000,4,0,0,2,0,0,1,0,0,1,0,0,0,0,0,0,0,0,1,0,0,1,0,0,0,0,1,0,0,1,0,0,0
23,1,1,2,2,3,1,1,1,2,48,15672000,2,0,0,1,1,0,1,0,0,1,0,0,0,0,0,0,0,0,1,0,0,1,0,0,0,1,0,0,0,0,0,1,0
34,1,1,4,4,0,1,1,0,0,36,6614000,4,0,0,2,0,0,1,0,0,0,0,0,0,0,1,0,0,0,1,0,1,0,0,0,0,1,0,0,0,1,0,0,0
40,1,2,4,1,2,1,0,0,0,28,7824000,3,0,1,2,0,0,0,1,0,0,0,0,0,0,0,0,1,1,0,0,0,1,0,0,0,0,0,1,1,0,0,0,0
43,1,2,4,4,0,1,1,0,1,27,2442000,4,0,0,4,0,0,1,0,0,1,0,0,0,0,0,0,0,0,0,1,1,0,0,0,0,1,0,0,0,1,0,0,0
46,1,1,4,4,0,1,1,0,0,15,1829000,4,0,0,2,0,0,1,0,0,0,0,0,0,1,0,0,0,0,1,0,0,1,0,0,0,1,0,0,0,1,0,0,0
38,1,1,4,2,3,0,1,0,1,12,2171000,4,0,0,2,0,0,1,0,0,0,0,0,0,0,1,0,0,1,0,0,0,0,0,1,1,0,0,0,0,1,0,0,0
34,1,1,4,2,3,1,1,1,2,36,5800000,3,0,0,2,0,0,1,0,0,0,0,0,0,0,0,0,1,0,1,0,0,1,0,0,0,1,0,0,0,1,0,0,0
29,1,1,3,2,3,1,0,0,0,18,1169000,4,0,0,2,0,0,1,0,0,0,0,0,0,1,0,0,0,0,1,0,0,1,0,0,1,0,0,0,0,1,0,0,0
31,1,2,2,3,4,1,0,0,0,36,8947000,3,0,0,1,0,0,1,0,0,0,0,0,0,0,0,0,1,0,0,1,1,0,0,0,0,1,0,0,0,0,1,0,0
28,0,1,4,1,2,1,1,0,1,21,2606000,4,0,0,1,0,0,0,1,0,0,0,0,0,1,0,0,0,0,1,0,1,0,0,0,1,0,0,0,0,0,0,1,0
35,0,1,2,3,4,0,4,0,0,12,1592000,3,0,0,1,0,0,1,0,1,0,0,0,0,0,0,0,0,0,1,0,0,1,0,0,1,0,0,0,0,1,0,0,0
33,0,1,4,3,4,1,0,0,0,15,2186000,1,0,0,1,0,0,0,1,1,0,0,0,0,0,0,0,0,1,0,0,0,0,0,1,0,0,0,1,0,0,0,1,0
42,1,1,3,2,3,1,1,0,1,18,4153000,2,1,0,1,1,0,1,0,1,0,0,0,0,0,0,0,0,0,1,0,0,1,0,0,0,1,0,0,0,0,0,1,0
43,1,1,4,4,0,1,1,0,1,16,2625000,2,0,1,1,1,0,0,1,0,0,0,0,0,0,1,0,0,1,0,0,0,1,0,0,1,0,0,0,0,1,0,0,0
44,1,1,4,1,2,1,0,0,0,20,3485000,2,0,0,2,0,0,1,0,0,0,0,0,0,0,1,0,0,0,1,0,0,1,0,0,0,0,0,1,0,1,0,0,0
42,1,1,4,4,0,1,0,0,0,36,10477000,2,0,0,2,0,1,0,0,0,0,0,0,0,0,0,0,1,0,1,0,0,1,0,0,0,0,1,0,0,1,0,0,0
40,1,1,2,2,3,1,0,0,0,15,1386000,4,0,0,1,0,0,0,1,0,0,0,0,0,1,0,0,0,0,1,0,0,1,0,0,0,0,0,1,0,0,0,1,0
36,1,1,1,4,0,1,1,0,0,24,1278000,4,0,0,1,0,0,1,0,0,0,0,0,0,1,0,0,0,0,1,0,1,0,0,0,0,0,0,1,0,0,0,1,0
20,1,2,2,2,3,1,1,0,1,12,1107000,2,0,0,1,0,0,0,1,0,0,0,0,0,1,0,0,0,0,1,0,1,0,0,0,0,0,0,1,0,0,0,1,0
24,1,1,2,3,4,0,0,0,1,21,3763000,2,1,0,1,0,0,1,0,0,0,0,0,0,0,1,0,0,0,1,0,0,0,0,1,0,0,0,1,0,0,0,1,0
27,1,1,2,2,3,1,0,1,2,36,3711000,2,0,0,1,0,0,1,0,0,0,0,0,1,0,0,0,0,0,1,0,0,1,0,0,0,1,0,0,0,0,0,1,0
46,0,1,2,1,2,1,1,0,0,15,3594000,1,0,0,2,0,0,1,0,0,0,0,0,0,0,0,0,1,0,1,0,0,0,0,1,1,0,0,0,0,0,1,0,0
33,0,1,2,2,3,1,0,1,2,9,3195000,1,0,0,1,0,0,1,0,0,0,0,0,0,0,1,0,0,0,1,0,0,0,0,1,0,0,0,1,0,0,0,1,0
34,0,1,4,2,3,1,1,0,0,36,4454000,4,0,0,2,0,0,1,0,0,0,0,0,0,1,0,0,0,0,1,0,0,1,0,0,0,0,0,1,0,0,1,0,0
25,0,1,4,1,2,1,1,1,2,24,4736000,2,0,0,1,1,0,1,0,1,0,0,0,0,0,0,0,0,1,0,0,0,0,0,1,0,1,0,0,0,1,0,0,0
25,0,1,4,4,0,1,0,1,2,30,2991000,2,0,0,1,0,0,1,0,0,0,0,0,0,1,0,0,0,0,1,0,0,1,0,0,0,1,0,0,0,0,0,1,0
28,1,1,2,4,0,1,4,0,0,11,2142000,1,0,0,1,0,0,1,0,0,1,0,0,0,0,0,0,0,0,1,0,0,1,0,0,0,0,0,1,0,0,0,1,0
31,1,1,2,2,3,1,1,0,1,24,3161000,4,0,0,1,1,0,0,1,0,1,0,0,0,0,0,0,0,0,1,0,0,1,0,0,1,0,0,0,1,0,0,0,0
32,0,1,2,2,3,0,1,1,2,48,18424000,1,0,0,1,1,0,1,0,0,0,0,0,0,0,0,0,0,1,0,0,1,0,0,0,1,0,0,0,0,0,0,0,1
32,1,2,2,2,3,1,2,0,0,10,2848000,1,1,0,1,0,0,1,0,0,0,0,0,0,0,0,0,1,0,1,0,0,1,0,0,0,0,0,1,0,0,0,1,0
68,1,1,4,4,0,1,1,0,1,6,14896000,1,0,0,1,1,0,1,0,0,0,0,0,0,0,1,0,0,1,0,0,1,0,0,0,0,0,1,0,0,0,0,1,0
33,1,1,1,0,1,1,2,0,1,24,2359000,1,0,0,1,1,0,1,0,1,0,0,0,0,0,0,0,0,0,1,0,0,1,0,0,1,0,0,0,0,0,0,1,0
39,1,1,2,4,0,1,1,0,1,24,3345000,4,0,0,1,1,0,0,1,1,0,0,0,0,0,0,0,0,0,1,0,1,0,0,0,1,0,0,0,0,0,0,1,0
28,0,1,2,2,3,1,1,0,0,18,1817000,4,0,0,2,0,0,1,0,1,0,0,0,0,0,0,0,0,0,1,0,0,1,0,0,0,0,1,0,0,1,0,0,0
37,1,1,1,3,4,1,3,0,0,48,12749000,4,0,0,1,0,0,1,0,0,0,0,0,0,1,0,0,0,0,1,0,1,0,0,0,0,1,0,0,0,0,1,0,0
22,0,1,4,1,2,1,1,0,1,9,1366000,3,0,0,1,1,0,0,1,0,0,0,0,0,1,0,0,0,0,1,0,0,1,0,0,1,0,0,0,0,0,0,1,0
30,1,2,4,3,4,1,1,1,2,12,2002000,3,0,0,1,0,0,0,1,0,0,0,0,0,0,1,0,0,0,1,0,0,1,0,0,1,0,0,0,0,0,0,1,0
55,1,1,1,1,2,1,1,0,1,24,6872000,2,0,0,1,1,0,1,0,1,0,0,0,0,0,0,0,0,1,0,0,0,1,0,0,1,0,0,0,1,0,0,0,0
46,1,1,2,1,2,1,1,0,1,12,697000,4,0,0,2,1,0,1,0,0,0,0,0,0,0,1,0,0,1,0,0,0,1,0,0,0,1,0,0,1,0,0,0,0
21,0,1,4,1,2,1,1,0,1,18,1049000,4,0,0,1,0,0,0,1,1,0,0,0,0,0,0,0,0,0,1,0,0,1,0,0,1,0,0,0,0,1,0,0,0
39,1,2,4,3,4,1,1,0,1,48,10297000,4,0,0,3,1,1,0,0,0,0,0,0,0,0,0,0,1,0,0,1,0,1,0,0,0,0,1,0,0,0,0,1,0
58,1,1,4,4,0,1,0,0,0,30,1867000,4,0,0,1,0,0,1,0,0,0,0,0,0,1,0,0,0,0,1,0,0,1,0,0,0,1,0,0,0,0,0,1,0
43,1,2,2,2,3,1,1,0,1,12,1344000,4,0,0,2,0,0,1,0,0,0,0,0,0,0,1,0,0,0,1,0,0,0,0,1,0,0,0,1,0,0,1,0,0
24,1,1,1,1,2,0,1,0,1,24,1747000,4,1,0,1,0,0,1,0,1,0,0,0,0,0,0,0,0,0,1,0,0,0,0,1,1,0,0,0,0,0,0,1,0
22,0,1,2,1,2,1,1,1,2,9,1670000,4,0,0,1,1,0,1,0,0,0,0,0,0,1,0,0,0,0,1,0,0,1,0,0,0,1,0,0,0,0,0,1,0
30,1,1,1,2,3,1,1,0,0,9,1224000,3,0,0,2,0,0,1,0,0,0,0,0,0,0,1,0,0,0,1,0,0,1,0,0,0,0,0,1,0,1,0,0,0
42,1,2,4,4,0,1,3,0,0,12,522000,4,0,0,2,0,0,1,0,0,0,0,0,0,1,0,0,0,0,1,0,0,1,0,0,1,0,0,0,0,1,0,0,0
23,0,1,1,2,3,1,1,0,1,12,1498000,4,0,0,1,0,0,1,0,0,0,0,0,0,1,0,0,0,1,0,0,0,1,0,0,0,1,0,0,0,0,0,1,0
30,1,1,3,1,2,1,2,1,2,30,1919000,4,0,0,2,1,0,1,0,0,0,0,0,0,1,0,0,0,0,0,1,1,0,0,0,0,0,1,0,0,0,1,0,0
28,0,1,2,2,3,1,1,2,0,9,745000,3,0,0,1,1,0,1,0,0,0,0,0,0,1,0,0,0,0,1,0,0,0,0,1,0,0,0,1,0,0,0,1,0
30,1,1,3,1,2,1,1,1,2,6,2063000,4,0,0,1,0,0,0,1,0,0,0,0,0,1,0,0,0,0,1,0,1,0,0,0,0,1,0,0,0,0,0,1,0
42,1,1,4,2,3,1,1,1,2,60,6288000,4,0,0,1,1,1,0,0,0,0,0,0,1,0,0,0,0,0,1,0,0,1,0,0,0,0,1,0,0,0,0,1,0
46,1,2,4,2,3,1,0,0,0,24,6842000,2,0,0,2,0,0,1,0,0,0,0,0,0,0,0,0,1,0,1,0,1,0,0,0,1,0,0,0,0,1,0,0,0
45,1,2,3,1,2,1,0,0,0,12,3527000,2,0,0,1,0,0,1,0,0,0,0,0,0,0,1,0,0,0,1,0,1,0,0,0,1,0,0,0,0,0,0,1,0
31,1,2,2,2,3,0,1,0,0,10,1546000,3,0,0,1,0,0,1,0,0,0,0,0,0,0,1,0,0,0,1,0,0,0,0,1,0,0,0,1,0,0,0,1,0
31,1,1,2,3,4,1,0,0,0,24,929000,4,0,0,1,0,0,1,0,1,0,0,0,0,0,0,0,0,0,0,1,0,1,0,0,0,1,0,0,0,0,0,1,0
42,1,2,1,3,4,1,1,0,0,4,1455000,2,0,0,3,0,0,1,0,0,0,0,0,0,0,1,0,0,0,1,0,0,0,0,1,0,0,0,1,0,1,0,0,0
46,0,1,1,1,2,1,1,0,1,15,1845000,4,0,1,1,0,0,0,1,1,0,0,0,0,0,0,0,0,0,1,0,0,1,0,0,1,0,0,0,0,0,0,1,0
30,0,1,1,1,2,1,3,1,2,48,8358000,1,0,0,2,0,0,1,0,0,0,0,0,0,0,1,0,0,0,1,0,0,1,0,0,0,1,0,0,0,0,0,0,1
30,1,2,4,1,2,1,3,0,1,24,3349000,4,0,0,1,1,1,0,0,1,0,0,0,0,0,0,0,0,0,1,0,0,1,0,0,0,0,1,0,1,0,0,0,0
38,1,1,4,0,1,1,0,0,0,12,2859000,4,0,0,1,0,0,1,0,0,0,0,0,0,0,1,0,0,0,1,0,1,0,0,0,0,0,1,0,0,0,0,1,0
43,1,2,1,1,2,1,1,0,0,18,1533000,4,1,0,1,1,0,1,0,1,0,0,0,0,0,0,0,0,0,1,0,0,0,0,1,1,0,0,0,0,0,0,1,0
31,1,1,4,4,0,1,2,0,0,24,3621000,2,0,0,2,1,0,1,0,0,0,0,0,0,1,0,0,0,0,1,0,0,1,0,0,0,1,0,0,0,0,0,1,0
40,1,2,3,0,1,1,1,1,2,18,3590000,3,0,0,3,0,0,1,0,0,1,0,0,0,0,0,0,0,0,1,0,0,0,1,0,0,1,0,0,0,1,0,0,0
24,1,1,1,3,4,1,1,0,1,36,2145000,2,0,0,2,1,0,1,0,0,1,0,0,0,0,0,0,0,0,1,0,0,1,0,0,0,1,0,0,0,0,1,0,0
28,0,1,4,1,2,1,3,1,2,24,4113000,3,0,0,1,1,0,0,1,0,0,0,0,0,0,0,0,1,0,1,0,0,1,0,0,0,1,0,0,0,0,0,1,0
26,0,1,2,0,1,1,1,0,0,36,10974000,4,0,0,2,1,0,1,0,1,0,0,0,0,0,0,0,0,0,1,0,1,0,0,0,0,1,0,0,0,0,0,1,0
29,0,1,4,2,3,1,1,0,1,12,1893000,4,0,1,1,0,0,1,0,0,0,0,0,0,0,1,0,0,0,1,0,0,1,0,0,1,0,0,0,0,0,0,1,0
57,0,1,4,4,0,1,4,0,1,24,1231000,4,0,0,2,0,0,0,1,0,0,0,0,0,1,0,0,0,0,1,0,1,0,0,0,1,0,0,0,0,1,0,0,0
49,1,1,4,4,0,1,0,2,0,30,3656000,4,0,0,2,0,0,1,0,0,0,0,0,0,1,0,0,0,0,0,1,0,0,0,1,1,0,0,0,0,1,0,0,0
37,1,1,4,4,0,1,1,1,2,9,1154000,2,0,0,3,0,0,1,0,0,0,0,0,0,1,0,0,0,0,1,0,0,0,0,1,0,0,0,1,0,1,0,0,0
45,1,1,2,2,3,1,1,0,1,28,4006000,3,0,0,1,1,0,1,0,0,0,0,0,0,0,1,0,0,0,1,0,0,0,0,1,0,1,0,0,0,0,0,1,0
30,1,1,4,4,0,1,2,1,2,24,3069000,4,0,0,1,0,1,0,0,1,0,0,0,0,0,0,0,0,0,1,0,0,1,0,0,0,0,1,0,0,0,0,1,0
30,1,1,2,4,0,1,1,0,0,6,1740000,2,0,0,2,0,0,0,1,0,0,0,0,0,1,0,0,0,0,1,0,0,1,0,0,0,0,0,1,0,1,0,0,0
47,1,1,4,2,3,1,1,1,2,21,2353000,1,0,0,2,0,0,1,0,0,0,0,0,0,0,1,0,0,0,1,0,0,1,0,0,1,0,0,0,0,0,1,0,0
29,1,1,2,2,3,1,0,0,0,15,3556000,3,0,0,1,0,0,1,0,0,0,0,0,0,0,1,0,0,0,1,0,0,1,0,0,0,0,1,0,0,0,0,1,0
35,1,1,2,4,0,1,3,0,0,24,2397000,3,0,0,2,1,0,1,0,0,0,0,0,0,1,0,0,0,1,0,0,0,1,0,0,0,1,0,0,0,0,0,1,0
22,1,1,1,1,2,1,1,1,2,6,454000,3,0,0,1,0,0,1,0,0,0,0,0,0,0,0,1,0,0,1,0,0,0,0,1,1,0,0,0,0,0,0,1,0
26,0,1,1,2,3,1,0,1,2,30,1715000,4,0,0,1,0,0,1,0,0,0,0,0,0,1,0,0,0,0,1,0,0,1,0,0,0,1,0,0,0,0,0,1,0
23,1,1,2,2,3,1,3,1,2,27,2520000,4,0,0,2,1,0,1,0,0,0,0,0,0,1,0,0,0,0,1,0,0,0,0,1,1,0,0,0,0,1,0,0,0
54,0,1,2,4,0,1,1,0,0,15,3568000,4,0,0,1,0,0,0,1,0,0,0,0,0,1,0,0,0,1,0,0,1,0,0,0,0,1,0,0,0,0,0,1,0
29,1,1,4,3,4,1,0,0,0,42,7166000,2,0,0,1,0,0,0,1,0,0,0,0,0,1,0,0,0,0,1,0,0,1,0,0,1,0,0,0,0,0,0,1,0
40,1,2,2,2,3,1,1,0,1,11,3939000,1,0,0,2,0,0,1,0,0,0,0,0,0,0,1,0,0,0,1,0,0,0,0,1,0,0,0,1,0,1,0,0,0
22,1,1,2,2,3,1,2,1,2,15,1514000,4,0,1,1,0,0,1,0,0,0,0,0,0,0,0,1,0,0,1,0,0,1,0,0,0,0,0,1,0,0,0,1,0
43,1,2,4,2,3,1,1,0,0,24,7393000,1,0,0,1,0,0,1,0,0,0,0,0,0,0,1,0,0,0,1,0,0,0,0,1,1,0,0,0,0,0,0,1,0
29,0,1,4,0,1,1,1,0,1,24,1193000,1,1,0,2,1,0,0,1,0,0,0,0,0,0,1,0,0,0,1,0,0,0,1,0,0,0,1,0,1,0,0,0,0
36,1,1,4,4,0,1,1,0,1,60,7297000,4,1,0,1,1,0,0,1,0,1,0,0,0,0,0,0,0,0,1,0,0,1,0,0,0,0,1,0,0,0,0,1,0
33,0,1,2,2,3,1,1,0,0,30,2831000,4,0,0,1,0,0,1,0,0,0,0,0,0,1,0,0,0,0,1,0,0,1,0,0,0,1,0,0,0,1,0,0,0
57,0,1,3,2,3,1,3,2,0,24,1258000,3,0,0,1,0,0,1,0,0,0,0,0,0,1,0,0,0,0,1,0,0,0,0,1,0,1,0,0,0,0,0,1,0
64,0,1,3,2,3,1,1,1,2,6,753000,2,0,1,1,0,0,1,0,0,0,0,0,0,1,0,0,0,0,1,0,0,1,0,0,0,0,0,1,0,0,0,1,0
42,1,1,2,4,0,1,0,1,2,18,2427000,4,0,0,2,0,0,1,0,0,1,0,0,0,0,0,0,0,0,1,0,0,1,0,0,1,0,0,0,0,0,1,0,0
47,1,2,4,4,0,1,1,0,0,24,2538000,4,0,0,2,1,0,1,0,0,0,0,0,0,0,1,0,0,0,1,0,0,0,0,1,0,1,0,0,0,0,1,0,0
25,1,1,2,2,3,1,2,1,2,15,1264000,2,0,0,1,1,0,0,1,0,0,0,0,0,0,1,0,0,0,1,0,0,1,0,0,1,0,0,0,1,0,0,0,0
49,1,1,2,3,4,1,1,1,2,30,8386000,2,0,0,1,1,0,1,0,1,0,0,0,0,0,0,0,0,0,1,0,0,1,0,0,1,0,0,0,0,1,0,0,0
33,1,1,2,0,1,1,1,0,0,48,4844000,3,0,0,1,1,0,0,1,0,1,0,0,0,0,0,0,0,1,0,0,1,0,0,0,0,1,0,0,0,0,0,1,0
28,0,1,1,2,3,1,2,2,0,21,2923000,1,0,0,1,0,0,1,0,0,0,0,0,0,0,1,0,0,1,0,0,1,0,0,0,0,1,0,0,0,0,0,1,0
26,1,2,2,2,3,1,1,0,1,36,8229000,2,0,0,1,1,0,1,0,0,0,0,0,0,0,0,0,1,0,1,0,0,1,0,0,1,0,0,0,0,0,0,1,0
30,1,1,2,3,4,1,1,0,0,24,2028000,2,0,0,2,0,0,1,0,1,0,0,0,0,0,0,0,0,0,1,0,0,0,0,1,1,0,0,0,0,1,0,0,0
25,0,1,3,2,3,1,1,0,1,15,1433000,4,0,0,2,0,0,0,1,1,0,0,0,0,0,0,0,0,0,1,0,0,1,0,0,1,0,0,0,0,1,0,0,0
33,1,1,1,1,2,1,1,2,0,42,6289000,2,0,0,2,0,0,1,0,0,1,0,0,0,0,0,0,0,0,1,0,0,1,0,0,1,0,0,0,0,0,0,0,1
64,0,1,4,0,1,1,2,0,0,13,1409000,2,0,0,1,0,0,1,0,0,0,0,0,0,1,0,0,0,0,1,0,0,1,0,0,0,0,0,1,0,0,0,1,0
29,1,1,2,0,1,1,1,0,1,24,6579000,4,0,0,1,0,1,0,0,0,0,0,0,0,0,0,0,1,0,1,0,1,0,0,0,0,0,1,0,0,0,0,1,0
48,1,1,2,4,0,1,1,1,2,24,1743000,4,0,0,2,0,0,1,0,0,0,0,0,0,1,0,0,0,0,1,0,0,0,0,1,1,0,0,0,0,1,0,0,0
37,1,2,1,1,2,1,0,0,0,12,3565000,2,0,0,2,0,0,1,0,0,0,0,0,1,0,0,0,0,0,1,0,0,0,0,1,1,0,0,0,0,1,0,0,0
34,1,2,4,4,0,1,2,0,0,15,1569000,4,0,0,1,0,0,1,0,0,0,0,0,0,1,0,0,0,1,0,0,0,0,0,1,0,1,0,0,1,0,0,0,0
23,1,1,4,3,4,1,0,0,1,18,1936000,2,0,0,2,0,0,0,1,0,0,0,0,0,1,0,0,0,0,1,0,0,0,0,1,0,1,0,0,0,0,0,1,0
30,1,1,3,0,1,1,1,0,1,36,3959000,4,0,0,1,0,0,1,0,1,0,0,0,0,0,0,0,0,0,1,0,1,0,0,0,1,0,0,0,0,0,0,1,0
50,1,1,3,4,0,1,0,0,0,12,2390000,4,0,0,1,0,0,1,0,0,0,0,0,0,0,1,0,0,0,1,0,0,1,0,0,0,1,0,0,0,0,0,1,0
31,0,1,4,3,4,1,1,0,0,12,1736000,3,0,0,1,0,0,1,0,1,0,0,0,0,0,0,0,0,0,1,0,0,0,0,1,0,0,0,1,0,0,0,1,0
40,1,1,4,2,3,1,1,0,1,30,3857000,4,0,0,1,0,0,1,0,0,0,0,0,0,0,0,0,1,0,1,0,1,0,0,0,1,0,0,0,0,0,0,1,0
38,1,1,4,4,0,1,1,0,0,12,804000,4,0,0,1,0,0,1,0,0,0,0,0,0,1,0,0,0,0,1,0,0,1,0,0,0,1,0,0,0,0,0,1,0
23,1,1,4,2,3,1,1,0,1,45,1845000,4,0,0,1,1,1,0,0,0,0,0,0,0,1,0,0,0,0,1,0,0,1,0,0,0,0,1,0,0,0,0,1,0
27,1,1,4,0,1,1,2,1,2,45,4576000,3,0,0,1,0,0,1,0,0,0,0,0,0,0,0,0,1,0,1,0,0,1,0,0,0,1,0,0,0,1,0,0,0
